665936,46-0167-004506-П,"Объект технической рекультивации карьера Чулковского месторождения кварцевых песков в Раменском районе ООО ""ТД Промресурс""","Московская обл,  Раменский район, с.п. Чулковское, с Еганово, д.20 ( к/н 50:23:0040330:63, 50:23:0040330:64) ,",46768000,Federal,1.0,26.0,"{08.11,08.12,08.91,08.99,23.51,23.52,23.70,23.91,23.99,38.11,38.21,41.10,41.20,43.11,43.12,43.13,43.21,43.22,43.29,43.31,43.32,43.33,43.34,43.39,43.91,43.99,46.12,46.13,46.19,46.44,46.49,46.63,46.69,46.71,46.72,46.73,46.74,46.75,46.77,46.90,47.30,47.51,47.52,47.53,47.59,47.91,47.99,49.41,52.10,52.24,52.29,68.10,68.20,69.10,69.20,70.22,73.11,77.11,77.12,77.31,77.32,77.39}",,1.0,1.0,Federal,46,"ОБЩЕСТВО С ОГРАНИЧЕННОЙ ОТВЕТСТВЕННОСТЬЮ ""ТОРГОВЫЙ ДОМ ПРОМРЕСУРС""",2018-05-07 21:00:00,7702431427,772701001,t,"г Москва, ул Одесская, д 2, помещ III ком 3 офис 3",117638,45901000,55.53940169185199,38.04335046056074,f
618608,46-0167-003469-П,Мусоросортировочный комплекс,"Московская область, Ленинский городской окру, г. Видное, территория Каширское шоссе, 26-й километр Каширского шоссе, 46",46707000,Federal,1.0,26.0,{38.22},,1.0,1.0,Federal,46,"ОБЩЕСТВО С ОГРАНИЧЕННОЙ ОТВЕТСТВЕННОСТЬЮ ""ЭКО-СТРИМ""",2020-06-03 21:00:00,5003139514,500301001,t,"Московская обл, г Видное, ул Школьная, д 62, офис 2",142703,46707000001,55.556972524121264,37.77115838951842,f
600786,46-0167-003316-П,"Городские очистные сооружения  г.о. Жуковский, район ул. Наркомвод","140180, Московская обл., г.о. Жуковский, район ул. Наркомвод",46725000,Federal,1.0,26.0,"{36.00.1,36.00.2,37.00,38.11,38.21,42.11,42.21,42.99,43.12.3,43.2,43.22,43.3,43.32,43.91,43.99,43.99.1,46.69,46.74.2,49.4,52.29,68.1,68.20,68.20.2,68.31.12,68.32.2,71.12.53,71.20.1,77.11,77.3,77.39,81.29.9}",,1.0,1.0,Federal,46,"МУНИЦИПАЛЬНОЕ ПРЕДПРИЯТИЕ ГОРОДСКОГО ОКРУГА ЖУКОВСКИЙ ""ИНЖТЕХСЕРВИС""",2000-10-09 20:00:00,5013001748,504001001,t,"МОСКОВСКАЯ ОБЛАСТЬ, Г. ЖУКОВСКИЙ, УЛ. ГАГАРИНА,",,,,,
633936,17-0137-000125-П,"Производственная площадка №2 ООО ""Красное Эхо""","Владимирская обл, Гусь-Хрустальный р-н, поселок Уршельский, ул Московская, д 1",17620490,Federal,1.0,25.0,{23.13},,1.0,1.0,Federal,17,"ОБЩЕСТВО С ОГРАНИЧЕННОЙ ОТВЕТСТВЕННОСТЬЮ ""КРАСНОЕ ЭХО""",2008-06-26 20:00:00,3314006390,772201001,t,"г Москва, Волгоградский пр-кт, д 35, помещ 614",109316,45392000,55.67708198792024,40.21949407139281,f
648998,46-0167-004154-П,Животноводческий комплекс,"Московская область, Шатурский район, сельское поселение Дмитровское, вблизи с. Шарапово",46786000,Federal,1.0,26.0,"{01.1,01.2,01.4,01.5,01.6,01.7,10.51}",,1.0,1.0,Federal,46,"ОБЩЕСТВО С ОГРАНИЧЕННОЙ ОТВЕТСТВЕННОСТЬЮ ""ЭКОЛОГИЧЕСКОЕ ХОЗЯЙСТВО ""СПАРТАК""",2007-05-02 20:00:00,5049016628,504901001,t,"Московская обл, г Шатура, село Середниково",140760,46786000649,55.29448335599154,39.54497127582174,f
585122,46-0250-007851-П,КПО Нева,"Московская обл., Солнечногорский район, г.п. Поварово, в районе д. Марьино  (земельный участок с кадастровым номером 50:09:0050626:2636)",46771000,Federal,1.0,26.0,{38.12},,1.0,1.0,Federal,46,"ОБЩЕСТВО С ОГРАНИЧЕННОЙ ОТВЕТСТВЕННОСТЬЮ ""КПО НЕВА""",2020-03-02 21:00:00,5044118471,504401001,t,"141503, ОБЛАСТЬ МОСКОВСКАЯ, ГОРОД СОЛНЕЧНОГОРСК, УЛИЦА ИМ ТЕЛЬНОВА, ДОМ 3/2, ЭТ/ПОМ 2/14",,46771000001,56.04771034916497,36.997353245678305,f
676701,46-0167-004744-П,Производственные помещения,"Московская обл, г Подольск, ул Рощинская, д 3, часть помещений на 1 и 2 этажах",46760000,Federal,1.0,26.0,{24.10.12},,1.0,1.0,Federal,46,"ОБЩЕСТВО С ОГРАНИЧЕННОЙ ОТВЕТСТВЕННОСТЬЮ ""НАУЧНО-ПРОИЗВОДСТВЕННАЯ КОМПАНИЯ ""СОВРЕМЕННЫЕ ТЕХНОЛОГИИ МЕТАЛЛУРГИИ""",2021-07-13 21:00:00,5074070273,507401001,t,"Московская обл, г Подольск, ул Рощинская, д 14, помещ 29",142103,46760000,55.42773647163156,37.56767333490701,f
646850,46-0167-004116-П,Объект 1703/Цех 304,"Московская обл, г Дзержинский, ул Лесная, д 44",46711000,Federal,1.0,26.0,{20.51},,1.0,1.0,Federal,46,"ФЕДЕРАЛЬНОЕ ГОСУДАРСТВЕННОЕ УНИТАРНОЕ ПРЕДПРИЯТИЕ ""ФЕДЕРАЛЬНЫЙ ЦЕНТР ДВОЙНЫХ ТЕХНОЛОГИЙ ""СОЮЗ""",2002-12-02 21:00:00,5027030450,502701001,t,"Московская обл, г Дзержинский, ул Академика Жукова, д 42",140090,46711000001,55.61781554390653,37.88177097664333,f
646339,46-0167-004114-П,Промплощадка №2,"Московская обл, г Электросталь, ул Красная, уч 022б",46790000,Federal,1.0,26.0,"{20.1,20.3,20.4,20.41.1,20.5,46.4,46.9,49.3,68.3}",,1.0,1.0,Federal,46,"ОБЩЕСТВО С ОГРАНИЧЕННОЙ ОТВЕТСТВЕННОСТЬЮ ""НПП АСТРОХИМ""",2008-03-20 21:00:00,7718696098,771801001,t,"г Москва, ул Байкальская, д 1/3",107241,45305000,55.816278184172795,38.434993891057125,f
613020,46-0167-003416-П,Промышленная площадка по забою скота,"Московская обл, г Домодедово, деревня Купчинино, стр 60",46709000,Federal,1.0,26.0,{10.11.1},,1.0,1.0,Federal,46,"ОБЩЕСТВО С ОГРАНИЧЕННОЙ ОТВЕТСТВЕННОСТЬЮ ""НАЙКА""",2017-10-29 21:00:00,5009112678,500901001,t,"Московская обл, г Домодедово, деревня Купчинино, д 60, оф 1",142062,46709000,55.25771077191682,37.83602351917379,f
614063,46-0167-003427-П,"Участок утилизации и обезвреживания отходов ООО ""Меркурий""","Московская обл, г Кашира, деревня Пурлово, ул Полевая",46735000,Federal,1.0,26.0,"{68.2,38.11,38.12,38.21,38.22,38.32}",,1.0,1.0,Federal,46,"ОБЩЕСТВО С ОГРАНИЧЕННОЙ ОТВЕТСТВЕННОСТЬЮ ""МЕРКУРИЙ""",2008-10-26 21:00:00,5019020930,501901001,t,"Московская обл, г Кашира, деревня Пурлово, ул Полевая",142926,46735000436,54.72783583046557,38.39033357361937,f
659049,46-0167-004393-П,"Площадка для сбора и обработки отходов производства (аренда у АО ""Пале-Рояль"")","Московская обл, г Ногинск, г Старая Купавна, ул Дорожная, д 7",46751000,Federal,1.0,26.0,{52.10.9},2023-01-27,1.0,1.0,Federal,46,"ОБЩЕСТВО С ОГРАНИЧЕННОЙ ОТВЕТСТВЕННОСТЬЮ ""ОНИКС""",2006-09-26 20:00:00,7718604273,771801001,t,"г Москва, ул Электрозаводская, д 24 стр 3",107023,45316000,55.79779978434691,38.20323045805002,t
597673,46-0167-003271-П,Промплощадка МЕТКОМ Групп,"Московская обл, г Зарайск, ул Московская, № 2",46729000,Federal,1.0,26.0,{38.32.4},,1.0,1.0,Federal,46,"АКЦИОНЕРНОЕ ОБЩЕСТВО ""МЕТКОМ ГРУПП""",2015-09-09 21:00:00,5014008055,772801001,f,"г Москва, ул Профсоюзная, д 124А, ",,,,,
626859,46-0167-003597-П,Территория АО «ПО АиФ»,"Московская обл, г Воскресенск, деревня Ратмирово, ул Набережная, зд 4",46710000,Federal,1.0,26.0,{38.32.4},,1.0,1.0,Federal,46,"АКЦИОНЕРНОЕ ОБЩЕСТВО ""ПРОИЗВОДСТВЕННОЕ ОБЪЕДИНЕНИЕ АЛЮМИНИЙ И ФЛЮСЫ""",2022-01-27 21:00:00,7707461496,770701001,f,"Россия, г. Москва, вн. тер. г. муниципальный округ Тверской, ул.",,,,,
655092,46-0167-004319-П,"Комплекс термического обезвреживания отходов  ООО ""ЭКОТАЙМ""","Московская обл, г Шатура, поселок Осаново-Дубовое",46786000,Federal,1.0,26.0,{38.22},,1.0,1.0,Federal,46,"ОБЩЕСТВО С ОГРАНИЧЕННОЙ ОТВЕТСТВЕННОСТЬЮ ""ЭКОТАЙМ""",2017-09-13 21:00:00,7724419769,501801001,t,"141070, ОБЛАСТЬ МОСКОВСКАЯ, Г. КОРОЛЁВ, УЛ. ПИОНЕРСКАЯ, Д. 1, ЛИТЕР Е, ОБЪЕКТ 8 ОФИС",,46734000,55.47951094879377,39.66529564471879,f
636469,46-0167-003851-П,Производство,"Московская обл, г Щёлково, ул Заводская, д 2 к 169",46788000,Federal,1.0,26.0,{20.30},,1.0,1.0,Federal,46,"ОБЩЕСТВО С ОГРАНИЧЕННОЙ ОТВЕТСТВЕННОСТЬЮ ""ВЕСНА КОУТИНГС""",2017-02-16 21:00:00,9723010825,505001001,t,"Московская обл, г Щёлково, ул Заводская, д 2, кв 169",141108,46788000001,55.91447184567176,38.0405624745358,f
413010,46-0177-009284-П,ООО «Арома Пром»,"143532, Московская обл., Истринский район, г. Дедовск, ул. 1-я Волоколамская, д. 74а",46618103,Federal,1.0,26.0,"{20.42,41.2,43.12,43.2,43.3,43.99,46.45,47.19,47.74,49.10,49.20,49.3,52.10,52.29,68.20}",,1.0,1.0,Federal,46,"Общество с ограниченной ответственностью ""Арома Пром""",2004-11-17 21:00:00,5017056804,501701001,t,"Московская обл., Истринский район, г. Дедовск, ул. 1-я Волоколамская, д. 74а",143532,46618103,55.88068851241297,37.11894308697553,f
554196,65-0166-002332-П,"Алапаевское обособленное подразделение ООО ""Уралпласт""","Свердловская обл, г Алапаевск, ул Московская, зд 10",65728000,Federal,1.0,22.0,{20.14.7},,1.0,1.0,Federal,65,"ОБЩЕСТВО С ОГРАНИЧЕННОЙ ОТВЕТСТВЕННОСТЬЮ ""УРАЛПЛАСТ""",2013-11-19 20:00:00,6679041167,667901001,t,"г Екатеринбург, ул Куйбышева, д 44Д, офис 2201",620026,65701000,57.82199720606998,61.683908098850615,f
536603,45-0177-011370-Т,Водовыпуск улицы Генерала Дорохова,"г Москва, ул Генерала Дорохова, д 5, X: 4287.84, Y: -2898.29",45323000,Federal,1.0,24.0,{37.00},,1.0,1.0,Federal,45,"Государственное унитарное предприятие города Москвы по эксплуатации московских водоотводящих систем ""Мосводосток""",2002-07-24 20:00:00,7705013033,775050001,t,"г. Москва, ул. Новокузнецкая, д.26/8, стр.1",119017,45376000,55.705535,37.452768,f
414750,46-0177-009232-П,"Производственная площадка ООО ""ПРОГРЕСС""","140730, Московская обл., г. Рошаль, ул. Косякова, д. 18",46765000,Federal,1.0,26.0,"{38.1,38.2,38.32.5}",,1.0,1.0,Federal,46,"Общество с ограниченной ответственностью ""ПРОГРЕСС""",,7728844130,770801001,t,"Москва, ул. Ольховская, д. 15, цоколь, помещение II, комната 10",105066,45378000,55.67630382545155,39.88695011333613,f
410313,46-0177-009182-П,База №2,"143144;Московская область, Рузский район, с.п. Колюбакинское, вблизи деревни Морево, промышленный квартал «Металер»",46766000,Federal,1.0,26.0,"{38.21,38.22}",,1.0,1.0,Federal,46,Общество с ограниченной ответственностью «ПАНОРАМА СЕРВИС»,,7735582950,773501001,t,"г. Зеленоград , 4801-й проезд, д.4, стр. 2.",124460,45000000,55.64511912644467,36.428184231379454,f
407906,46-0177-009155-П,Площадка № 1 и № 2,"Московская обл, г Шатура, г Рошаль, ул 2-й Пятилетки, зд 78, 219, 220",46786000,Federal,1.0,26.0,{20.59.5},,1.0,1.0,Federal,46,"ОБЩЕСТВО С ОГРАНИЧЕННОЙ ОТВЕТСТВЕННОСТЬЮ ""МОЛИРЕН""",2002-12-03 21:00:00,5055002045,505501001,t,"Московская обл, г Шатура, г Рошаль, ул Косякова, д 18",140730,46786000,55.681008600757316,39.893278042369914,f
538382,45-0177-011350-Т,"Пруд-отстойник ""Жулебино""","109507, город Москва, Жулебино, МКАД, 9 км., ЮВАО",45387000,Federal,1.0,24.0,{37.00},,1.0,1.0,Federal,45,"Государственное унитарное предприятие города Москвы по эксплуатации московских водоотводящих систем ""Мосводосток""",2002-07-24 20:00:00,7705013033,770501001,t,"г. Москва, ул. Новокузнецкая, д.26/8, стр.1",119017,45376000,55.701161864784616,37.83404918455001,f
429058,46-0177-009661-П,"производственная площадка ООО ""Уника""","Московская область, г. Рошаль, ул. Косякова 18",46765000,Federal,1.0,26.0,{20.41.3},,1.0,1.0,Federal,46,"ООО ""Уника""",,5038053106,503801001,t,"Московская область, г. Рошаль, ул. Косякова 18",140730,46765000,55.66821826828984,39.88844769023951,f
534911,45-0177-011281-Т,Водовыпуск Лихоборской набережной,"125438, город Москва, САО, Лихоборская набережная, д.5, стр.3, X: 20781.73, Y: 1620.12",45338000,Federal,1.0,24.0,{37.00},,1.0,1.0,Federal,45,"Государственное унитарное предприятие города Москвы по эксплуатации московских водоотводящих систем ""Мосводосток""",2002-07-24 20:00:00,7705013033,775050001,t,"г. Москва, ул. Новокузнецкая, д.26/8, стр.1",119017,45376000,55.853657,37.524083,f
429722,46-0177-009656-П,Производственная площадка ООО «БИОФОРМЭЛЬ»,"143432, Московская область, городской округ Красногорск, рабочий поселок Нахабино, ул. Парковая, д.11А",46623154,Federal,1.0,26.0,"{20.41.3,20.59.5}",,1.0,1.0,Federal,46,Общество с ограниченной ответственностью «БИОФОРМЭЛЬ»,2016-02-16 21:00:00,7709485171,770901001,t,"г. Москва, ул. Николоямская, д.44/18, комната 17",109004,45381000,55.84061813255087,37.15777475189181,f
420814,46-0177-009652-П,Площадка,"Московская область, Раменский р-он, сп. Чулковское",46648491,Federal,1.0,26.0,"{02.10,02.20,02.40,37.00,38.11,38.12,38.21,38.22,38.31,38.32.1,38.32.2,38.32.3,38.32.4,38.32.5,41.20,42.11,42.12,42.13,43.11,43.12.3,43.21,43.22,43.29,43.31,43.32,43.33,43.34,43.99,43.99.1,45.1,45.20,45.3,45.40,47.3,49.4,52.10,52.21,52.22,52.24,71.12.6,77.11,77.34,77.35,77.39.11}",,1.0,1.0,Federal,46,"ОБЩЕСТВО С ОГРАНИЧЕННОЙ ОТВЕТСТВЕННОСТЬЮ ""ЭКОСИСТЕМА""",2014-12-25 21:00:00,5040039772,504001001,t,"МО, Раменский район, д. Юрово, Московская обл, г Раменское, ул Чугунова, д 15а, помещ 22/1",140105,46768000,55.569219654559696,38.04103491089165,f
534725,45-0177-011242-Т,"Пруд-отстойник (включая снегосплавной пункт) ""Хапиловка""","107061, город Москва, Преображенский Вал, вл. 31а, ВАО",45316000,Federal,1.0,24.0,{37.00},,1.0,1.0,Federal,45,"Государственное унитарное предприятие города Москвы по эксплуатации московских водоотводящих систем ""Мосводосток""",2002-07-24 20:00:00,7705013033,775050001,t,"г. Москва, ул. Новокузнецкая, д.26/8, стр.1",119017,45376000,55.788088743512624,37.72351401447363,f
408929,46-0177-009065-П,объект по обезвреживанию отходов,"142403, ОБЛАСТЬ МОСКОВСКАЯ, РАЙОН НОГИНСКИЙ, ГОРОД НОГИНСК, УЛИЦА ИНДУСТРИАЛЬНАЯ, ДОМ 41, ЗДАНИЕ ОЧ.СООР., ОФИС 1",46639101,Federal,1.0,26.0,{38.2},2022-04-29,1.0,1.0,Federal,46,"Общество с ограниченной ответственностью ""ЭКОРЕЦИКЛ""",1998-05-21 20:00:00,5031008506,503101001,t," ОБЛАСТЬ МОСКОВСКАЯ, РАЙОН НОГИНСКИЙ, ГОРОД НОГИНСК, УЛИЦА ИНДУСТРИАЛЬНАЯ, ДОМ 41, ЗДАНИЕ ОЧ.СООР., ОФИС 1",142403,46639101,55.874119333333326,38.44651033333333,t
533359,45-0177-011200-Т,"Щитовое заграждение ""Таракановка""","г. Москва, СЗАО, улица Шеногина, д.2 с37",45371000,Federal,1.0,24.0,{37.00},,1.0,1.0,Federal,45,"ГОСУДАРСТВЕННОЕ УНИТАРНОЕ ПРЕДПРИЯТИЕ ГОРОДА МОСКВЫ ПО ЭКСПЛУАТАЦИИ МОСКОВСКИХ ВОДООТВОДЯЩИХ СИСТЕМ ""МОСВОДОСТОК""",2002-07-24 20:00:00,7705013033,770501001,t,"г Москва, ул Новокузнецкая, д 26/8 стр 1",119017,45376000,55.76575332800692,37.49928830323673,f
532664,46-0167-001877-П,Завод по производству колесных транспортных средств,"141595, Московская область, г. Солнечногорск, территория ""Индустриальный парк ""Есипово""",46652000,Federal,1.0,26.0,{29.10.2},,1.0,1.0,Federal,46,"Общество с ограниченной ответственностью ""МБ РУС Мануфэкчуринг""",2016-07-25 21:00:00,5029213040,504401001,t,"Московская область, г. Солнечногорск, территория ""Индустриальный парк ""Есипово"", строение 1, помещение 158",141595,46771000,56.08320642365013,37.08085872855533,f
530192,46-0167-001792-П,"Производственная площадка ООО ""Сплав""","142455, Московская обл.,  г. Электроугли, ул. Центральная, д. 110-В",46639105,Federal,1.0,26.0,"{24.41,33.14,38.32.2,43.29}",,1.0,1.0,Federal,46,"Общество с ограниченной ответственностью ""Сплав""",2002-02-04 21:00:00,7718019071,771901001,t,"Москва, ул. Первомайская,76,стр.1",105554,45307000,55.72767477970929,38.20793516234063,f
530492,46-0167-001788-П,"Комплекс по обработке, обезвреживанию и размещению твердых коммунальных отходов «Юг»","140473, Московская область, р-н Коломенский, с. Мячково",46738000,Federal,1.0,26.0,{38.22},,1.0,1.0,Federal,46,"Общество с ограниченной ответственностью ""МПК Коломенский""",2018-03-06 21:00:00,5022055500,502201001,t,"Московская область, город Коломна, улица Октябрьской Революции, дом 366/2, помещение 3 комната 9 этаж 2",140408,46738000,55.196519268035665,38.6817127654146,f
530430,46-0167-001786-П,Комплекс по обработке и размещению твердых коммунальных отходов на территории городского округа Кашира Московской области,"142932, Российская Федерация, Московская область, Каширский муниципальный район, сельское поселение Домнинское, в районе д. Малое Ильинское",46735000,Federal,1.0,26.0,{38.22},,1.0,1.0,Federal,46,"Общество с ограниченной ответственностью ""Каширский МПК""",2017-11-06 21:00:00,5019028908,501901001,t,"Московская область, город Кашира, улица 8 Марта, дом 26, этаж/пом 3/2",142904,46735000,54.64272489674199,38.386753428324894,f
428018,46-0177-009618-П,производственная площадка по дистилляции (очистке) глицерина _ООО «ГЛИЦЕРИН СОЛЮШЕН»,"141270, Московская область, Пушкинский район, рабочий поселок Софрино, улица Победы, дом 10, эт/пом 3/302",46647163,Federal,1.0,26.0,"{20.14,20.41.1}",2021-04-08,1.0,1.0,Federal,46,Общество с ограниченной ответственностью «ГЛИЦЕРИН СОЛЮШЕН»,,5038129940,503801001,t,"Московская область, Пушкинский район, рабочий поселок Софрино, Победы, д.10, эт/пом 3/302",141270,46647163,56.14101944195202,37.9395937057664,t
404736,45-0177-008987-П,"Производство масел, присадок и смазок","город Москва, ш. Энтузиастов, д. 40",45312000,Federal,1.0,24.0,{20.59.4},,1.0,1.0,Federal,45,Акционерное общество «НК «Роснефть» – МЗ «Нефтепродукт»,2020-12-22 21:00:00,7720065580,772001001,t,"г. Москва, город Москва, ш. Энтузиастов, д. 40",105118,45312000,55.75417951065467,37.74344104808258,f
468450,46-0177-010257-П,Производственное здание СЕПТОХИМ,"140170, Московская область, г. Бронницы, ул. Советская, дом 155, строение 8",46705000,Federal,1.0,26.0,{46.46.1},,1.0,1.0,Federal,46,"Общество с ограниченной ответственностью ""СЕПТОХИМ""",2002-10-02 20:00:00,7718177254,500201001,t,"Московская область, г. Бронницы, ул. Советская, дом 155, строение 8",140170,46705000,55.41489266056794,38.28738809942189,f
403316,46-0177-008912-П,"ООО ""Коломенское производство полиуретанов""","Московская область, Коломенский район, поселок Радужный",46622000,Federal,1.0,26.0,{22.23},2022-12-30,1.0,1.0,Federal,46,"Общество с ограниченной ответственностью ""Коломенское производство полиуретанов""",2002-11-11 21:00:00,5070013958,502201001,t,"Коломенский район, поселок Радужный",140483,46622000,55.14005952344358,38.72826359666396,t
516445,46-0177-011098-П,"Комплекс по обработке, обезвреживанию и размещению твердых коммунальных отходов ""КПО Восток""","Московская обл, г Егорьевск, деревня Поцелуево, д 27",46722000,Federal,1.0,26.0,{38.11},,1.0,1.0,Federal,46,"Общество с ограниченной ответственностью ""КПО Егорьевск""",2018-07-30 21:00:00,5011037650,501101001,t,"Московская область, г.Егорьевск, Московская обл, г Егорьевск, деревня Поцелуево, д 53",140317,46722000,55.2323008755683,39.248557936086705,f
545121,46-0167-002237-П,Комплекс по переработке отходов (ТКО) «Солопово»,"Московская область, г.о. Зарайск, вблизи д. Солопово",46729000,Federal,1.0,26.0,"{81.30,38.2}",,1.0,1.0,Federal,46,"МУНИЦИПАЛЬНОЕ БЮДЖЕТНОЕ УЧРЕЖДЕНИЕ ""БЛАГОУСТРОЙСТВО, ЖИЛИЩНО-КОММУНАЛЬНОЕ ХОЗЯЙСТВО И ДОРОЖНОЕ ХОЗЯЙСТВО""",2017-11-28 21:00:00,5014012157,501401001,t,"Московская обл, г Зарайск, ул Димитра Благоева, д 40, офис 1",140600,46729000,54.78218669227146,38.756396481215646,f
402437,45-0177-008881-П,"127299, г. Москва, ул. Клары Цеткин, д. 18, стр. 1","127299, г. Москва, ул. Клары Цеткин, д. 18, стр. 1",45341000,Federal,1.0,24.0,{21.10},,1.0,1.0,Federal,45,"ЗАКРЫТОЕ АКЦИОНЕРНОЕ ОБЩЕСТВО ""КОРПОРАЦИЯ ОЛИФЕН""",2002-07-23 20:00:00,7702163979,774301001,t,"г.Москва, г.Москва, ул.Клары Цеткин, д.18, стр. 1",127299,45341000,55.81963467025296,37.5232546569288,f
400235,46-0177-008859-П,О/С Софрино,"141270, Московская обл., Пушкинский р-н, п. Софрино, ул. Тютчева",46647163,Federal,1.0,26.0,{37.00},,1.0,1.0,Federal,46,"ФИЛИАЛ МУП ""МЕЖРАЙОННЫЙ ЩЁЛКОВСКИЙ ВОДОКАНАЛ""-""ВОДОКАНАЛ ГОРОДСКОГО ОКРУГА ПУШКИНО""",1998-06-16 20:00:00,5050025306,503843002,f,"Пушкинский район, г. Пушкино, Московская обл, г Пушкино, ул Учинская, д 16",141207,46758000,56.12899912188341,37.9607055336197,f
221054,35-0291-004082-П,Птицефабрика № 2,"Республика Крым, Джанкойский район, пгт Вольное, 3-й км (Старомосковская трасса)",35611404,Federal,1.0,31.0,"{01.47,10.12}",,1.0,1.0,Federal,35,"Акционерное общество ""ДРУЖБА НАРОДОВ НОВА""",2014-12-11 21:00:00,9105005771,910501001,t,"Красногвардейский район, пгт. Красногвардейское, Респ Крым, Красногвардейский р-н, пгт Красногвардейское, ул Полевая, д 7",297000,35620401,45.5765092204059,34.27932688358556,f
422481,46-0177-009542-П,Опытный цех фосфорной кислоты,"Московская обл, г Воскресенск, ул Заводская, д 3",46710000,Federal,1.0,26.0,"{20.13,72.19}",,1.0,1.0,Federal,46,"Акционерное общество ""Воскресенский научно-исследовательский институт по удобрениям и фосфорной кислоте""",2002-10-27 21:00:00,5005002106,500501001,t,"Московская обл, г Воскресенск, ул Заводская, д 3",140200,46710000,55.29882668236352,38.69300220101992,f
463581,45-0177-010227-П,"Обособленное подразделение ООО ""ЭКОКОМ"" - Есипово","141595, Московская обл., городской округ Солнечногорск, д. Есипово, Промышленно-складская зона №2, земельный участок 1",45381000,Federal,1.0,26.0,"{37.00,52.24,68.3,81.22,81.29.9,33.2,35.1,35.2,35.3,36.00,38.11,38.12,38.21,38.22,38.32.5,39.00,41.10,41.2,42.21,43.12,43.2,43.99,46.6,46.7,46.9,47.9,49.41,52.10,64.9,71.1,71.12.5,71.12.6,74.20,74.30,82.11,82.92}",,1.0,1.0,Federal,46,"Общество с ограниченной ответственностью ""ЭКОКОМ""",2010-04-26 20:00:00,7709852657,772001001,t,"г. Москва, ул Плеханова, д 9, стр 1, эт 2, пом III, комн 8",111141,45381000,56.101432115276225,37.104155250952935,f
415494,46-0177-009459-П,Павлово-Посадский кирпичный завод (ППКЗ),"142507, Московская обл, г Павловский Посад, Пушкинский пер, д 6/2",46759000,Federal,1.0,26.0,{23.32},,1.0,1.0,Federal,46,"Общество с ограниченной ответственностью ""ЛСР. Стеновые материалы""",2014-06-01 20:00:00,4706035757,470601001,t,"Ленинградская обл., Кировский р-он, г. Отрадное, Ленинградская обл, Кировский р-н, г Отрадное, Никольское шоссе, д 55, каб 201",187330,41625104,55.77338448369731,38.6707171491495,f
457400,46-0177-010217-П,"Промплощадка ООО ""НОК""","140202, Московская обл., г. Воскресенск, ул. Московская, д. 32",46606101,Federal,1.0,26.0,"{09.10,09.90,10.91,10.92,16.23,16.24,16.29,22.11,22.19,22.2,25.1,25.5,25.61,25.62,25.91,28.21,28.23.2,28.99.9,33.11,36.00,36.00.1,36.00.2,37.00,38.11,38.12,38.21,38.22,38.31,38.32,38.32.1,38.32.11,38.32.12,38.32.2,38.32.3,38.32.4,38.32.41,38.32.42,38.32.43,38.32.49,38.32.5,38.32.51,38.32.52,38.32.53,38.32.54}",,1.0,1.0,Federal,46,"Общество с ограниченной ответственностью ""Национальная отходоперерабатывающая компания""",,3702607874,505501001,t,"Московская обл., г. Рошаль, ул. Косякова, д. 18, этаж 1, помещение 15",140730,46765000,55.28229171170269,38.72646708817248,f
413756,46-0177-009448-П,"АО ""БЭЗ""","142438, Московская обл., Ногинский район, д. Большое Буньково",46639407,Federal,1.0,26.0,{23.13},2021-12-02,1.0,1.0,Federal,46,Акционерное общество «Буньковский экспериментальный завод»,2002-12-08 21:00:00,5031013256,503101001,t,"Московская обл., Ногинский район , д. Большое Буньково",142438,46751000,55.83965948678805,38.61914450254029,t
401342,46-0177-008821-П,Объект 1703/Цех 304,"Московская обл, г Дзержинский, ул Лесная, д 44",46711000,Federal,1.0,26.0,{25.40},2022-12-22,1.0,1.0,Federal,46,"ФЕДЕРАЛЬНОЕ ГОСУДАРСТВЕННОЕ УНИТАРНОЕ ПРЕДПРИЯТИЕ ""ФЕДЕРАЛЬНЫЙ ЦЕНТР ДВОЙНЫХ ТЕХНОЛОГИЙ ""СОЮЗ""",2002-12-02 21:00:00,5027030450,502701001,t,"Московская область, г. Дзержинский, Московская обл, г Дзержинский, ул Академика Жукова, д 42",140090,46711000001,55.61779768997387,37.88181841908295,t
494434,46-0177-010958-П,"КПО ""Прогресс""","140730, Московская обл, г Рошаль, ул 2-й Пятилетки",46786000,Federal,1.0,26.0,{38.21},,1.0,1.0,Federal,46,Акционерное общество «Рошальский индустриальный парк»,2017-03-16 21:00:00,5049023512,504901001,t,"Московская область,  г. Рошаль, 140730, Московская обл, г Рошаль, ул Фридриха Энгельса, д 16 к 1",,46786000,55.673648657353574,39.90398628088885,f
460684,46-0177-010201-П,Производственная площадка,"143041, Московская область, Одинцовский район, г. Голицыно, Заводской пр-т, д.25",46641104,Federal,1.0,26.0,"{01.4,08.12.2,10.13.1,10.13.2,10.13.3,10.13.4,10.13.5,10.13.6,10.13.7,16.10,16.10.9,23.32,28.92,33.12,33.14,33.20,35.12,35.30.14,35.30.4,36.00.2,38.32.3,41.20,45.20,46.73,46.73.6,47.30,47.52,49.41.1,68.20,68.32,69.20.2,70.22,71.11,73.11,73.20.1,77.32,77.39.1,82.99,93.2}",,1.0,1.0,Federal,46,"Открытое акционерное общество ""Голицынский керамичечский завод""",2002-08-14 20:00:00,5032000108,503201001,t,"Московская область, Одинцовский район, г. Голицыно, Заводской пр-т, д.25",143041,46641104,55.617976281733114,36.96621311228119,f
525601,46-0167-001766-П,"производственная площадка ООО ""Уника""","Московская область, Пушкинский район, п. Лесной, ул. Центральная, д. 5",46647000,Federal,1.0,26.0,{20.41.3},,1.0,1.0,Federal,46,"ООО ""Уника""",,5038053106,503801001,t,"Московская область, Пушкинский район, п. Лесной, ул. Центральная, д. 5",141231,46647000,56.07067078452875,37.92697088384422,f
525261,46-0167-001737-П,Производственный цех,"140200,  Московская область,  г. Воскресенск, ул. 2-я Заводская ,  з/у14",46606101,Federal,1.0,26.0,{20.15.7},,1.0,1.0,Federal,46,"ОБЩЕСТВО С ОГРАНИЧЕННОЙ ОТВЕТСТВЕННОСТЬЮ ""ЭЛИТНЫЕ АГРОСИСТЕМЫ""",2005-11-25 21:00:00,5005040687,500501001,t,"Московская обл, г Воскресенск, ул 2-я Заводская, д 18, офис 23",140200,46710000001,55.311162758691296,38.693528399382025,f
419769,46-0177-009423-П,Производственная площадка,"140202, Московская обл., г. Воскресенск, ул. Московская, д.32 ""Б""",46606101,Federal,1.0,26.0,"{20.30,46.19}",,1.0,1.0,Federal,46,"Общество с ограниченной ответственностью Научно-производственное объединение ""Олива""",,5005036225,500501001,t,"Московская обл., г. Воскресенск, ул. Московская, д.32 ""Б""",140202,46606101,55.28350904441157,38.7320991918867,f
421934,46-0177-009420-П,"Промплощадка , расположенная по адресу: Московская область, Ногинский район, городское поселение Электроугли, г.Электроугли, ул.Заводская, земельный участок с кадастровым номером 50:16:0702001:548","Московская область, Ногинский район, городское поселение Электроугли, г.Электроугли, ул.Заводская, земельный участок с кадастровым номером 50:16:0702001:548",46639105,Federal,1.0,26.0,"{38.11,38.12,38.21,38.31,38.32,41.10,41.20,42.11,42.13,42.21,43.12,43.31,43.32,43.33,43.34,43.39,49.41}",2023-03-24,1.0,1.0,Federal,46,"Общество с ограниченной ответственностью ""Экологические технологии""",2017-06-06 21:00:00,5001114602,500101001,t,"г.Балашиха, ул.Калинина, д.17/10, корп.2, кв.3",143905,46704000,55.729761248620626,38.20827633124679,t
420568,46-0177-009418-П,Производственная база ,"142717, Московская область, Ленинский район, п. Развилка, Проектируемый проезд 5537, вл.4",46628416,Federal,1.0,26.0,{20.11},,1.0,1.0,Federal,46,"Акционерное общество ""Московский газоперерабатывающий завод""",2005-09-11 20:00:00,5003055920,500301001,t,"Московская область, Ленинский район, п. Развилка, Проектируемый проезд 5537, вл.4",142717,46628416,55.590607788229676,37.740750479528856,f
417715,46-0177-009416-П,Производственная площадка ООО «ПКП «Антикор»,"Московская область, г.Воскресенск, ул.Кирова, 2",46606101,Federal,1.0,26.0,"{46.3,46.4,46.6,46.7,46.9,47.1,47.5,47.9,49.1,49.3,52.10,52.2,52.24,62.09,68.1,68.2,68.3,69,77.11,77.2,77.3,77.39,95.1,95.2,16.23,20.3,20.4,25.1,38.32.2,38.32.3,38.32.4,38.32.5,41.2,41.20,43.2,43.3,45.1,45.2,45.3,46.1,46.2}",,1.0,1.0,Federal,46,Общество с ограниченной ответственностью «ПРОИЗВОДСТВЕННО-КОММЕРЧЕСКОЕ ПРЕДПРИЯТИЕ «АНТИКОР» ,2010-12-30 21:00:00,5005004784,500501001,t,"Московская область, г.Воскресенск, ул.Кирова, 2",140200,46606101,55.29513742842762,38.69706774047322,f
476259,46-0177-010532-П,Завод,144000 Московская область Электросталь Красная 19,46790000,Federal,1.0,26.0,{28.91},,1.0,1.0,Federal,46,"ОАО ""Электростальский завод тяжелого машиностроения""",,5053000564,505301001,t,"Московская область,Электросталь, Красная 19",144000,46790000,55.79841098467216,38.45065676609475,f
465748,46-0177-010164-П, Промплощадка  ООО <<РиК>>,"140209,  Московская область,  Воскресенский  район,  с. Федино,  Ул. Производственная  дом 2 стр. 3/1",46606000,Federal,1.0,26.0,{20.30},,1.0,1.0,Federal,46,Общество  с  ограниченной  ответственностью  <<РиК>>,,5005015049,500501001,t,"Московская  область, г. Воскресенск, ул. Энгельса,  д. 2 ",140207,46606101,55.30781325085548,38.61843015685253,f
540217,46-0167-002173-П,Свиноферма,"Московская область, Талдомский район, д. Глебово",46778000,Federal,1.0,26.0,{01.46.1},,1.0,1.0,Federal,46,"ОБЩЕСТВО С ОГРАНИЧЕННОЙ ОТВЕТСТВЕННОСТЬЮ ""НЕОФАМ""",,5042088302,507801001,t,"Московская обл, г Талдом, ул Собцова, д 9",141900,46778000001,56.69289126661436,37.585232239259696,f
541206,46-0167-002172-П,Свиноферма,"Московская область, Талдомский район, д. Григорово",46778000,Federal,1.0,26.0,{01.46.1},,1.0,1.0,Federal,46,"ОБЩЕСТВО С ОГРАНИЧЕННОЙ ОТВЕТСТВЕННОСТЬЮ ""НЕОФАМ""",,5042088302,507801001,t,"Московская обл, г Талдом, ул Собцова, д 9",141900,46778000001,56.69289126661436,37.585232239259696,f
399198,66-0167-001597-П,Площадка технологической установки,"215150, Смоленская область, Вяземский район, 236 км+750 м а/д Москва-Минск  (левая сторона)",66605000,Federal,1.0,26.0,"{46.71,47.11}",,1.0,1.0,Federal,66,"Общество с ограниченной ответственностью ""Килас Кура""",2012-07-30 20:00:00,6727025009,672701001,t,"Смоленская область, г. Ярцево, Духовщинское шоссе, д. 48а",215801,66658101,55.21042838717004,34.16474754415832,f
418546,46-0177-009333-П,Биологические очистные сооружения хозяйственно-бытовых и производственных стоков г. Электросталь,"Московская область, г. Электросталь, ул Автомобильная, д. 8",46790000,Federal,1.0,26.0,"{35.11,35.11.1,35.11.4,35.13,35.30.1,35.30.2,35.30.3,35.30.4,35.30.5,36.00.1,36.00.2,37.00,38.11,38.12,42.21,42.22.1,42.22.2,43.99.9,68.32.1,68.32.2,71.20.1}",,1.0,1.0,Federal,46,"Государственное унитарное предприятие Московской области ""Коммунальные ситемы Московской области""",2009-09-27 20:00:00,5034065171,503401001,t,"Московская область, г. Орехово-Зуево, улица Северная, д. 59",142605,46757000,55.766753516375175,38.454534716176205,f
375417,46-0177-009327-П,"ООО ""Фирма ""ВИПС-МЕД""","141190 Московская обл., г. Фрязино, Заводской проезд, д. 3а",46780000,Federal,1.0,26.0,{21.20.1},,1.0,1.0,Federal,46,Общество с ограниченной ответственностью «Фирма «ВИПС-МЕД»,,5052007912,502001001,t,"Московская обл., г. Фрязино, Заводской проезд, д. 3а",141190,46780000,55.96787505927255,38.06660002490615,f
484496,46-0177-010489-П,Промплощадка  ООО  <<КОНТРАКТ  Лтд>>,"140200  Московская область,  г. Воскресенск,  ул.  Кирова,  д.2,   пом. 2",46606101,Federal,1.0,26.0,{20.42},,1.0,1.0,Federal,46,Общество  с  ограниченной  ответственностью  <<КОНТРАКТ  Лтд>>,,5005052562,500501001,t,"Московская область,  г. Воскресенск, ул.  Кирова,  д.2,   пом. 2",140200,46606101,55.29505977545534,38.69690768591367,f
93948,46-0177-008609-П,Серпуховский филиал ООО «ГУРТ»,"142207, Московская область, Серпуховский район, д.Борисово, Борисовское шоссе, д.1",46770000,Federal,1.0,26.0,{25.99.29},,1.0,1.0,Federal,46,"Общество с ограниченной ответственностью ""ГУРТ"" Серпуховский филиал",2010-08-30 20:00:00,7731655534,502401001,t,"Московская область, г. Красногорск, Коммунальный квартал, д.3",143405,46744000,54.91391105223978,37.46263335750295,f
93943,46-0177-008608-П,Климовский филиал ООО «ГУРТ»,"142181, Московская область, г.о.Подольск, мкрн.Климовск, ул.Заводская, д.2",46646000,Federal,1.0,26.0,"{46.90,25.9}",,1.0,1.0,Federal,46,Общество с ограниченной ответственностью «ГУРТ» ,2010-08-30 20:00:00,7731655534,502401001,t,"Московская обл., Красногорский р-н, г. Красногорск, Коммунальный кв-л, д.3",143405,46623101,55.37945856171102,37.54806795593734,f
397813,46-0177-008678-П,Геоэкотехстрой,"140125 , Московская область, Раменский район, вблизи д. Еганово ",46000000,Federal,1.0,26.0,{38.1},,1.0,1.0,Federal,46,"ООО ""Геоэкотехстрой""",,5040077295,504001001,t,"Раменский район, д. Островцы, Раменский район, д. Островцы, ул. Центральная, д.83Б",140125,46000000,55.53705040487082,38.05145540734718,f
147063,46-0177-006157-П,Свинокомплекс,"Московская область, г. Клин, ул. Слободская, д. 35",46621000,Federal,1.0,26.0,{01.46},,1.0,1.0,Federal,46,"Общество с ограниченной ответственностью ""Сельскохозяйственное предприятие ""Живая природа""",2016-03-13 21:00:00,5020073415,502001001,t,"г. Клин, г. Клин, ул. Слободская, д. 35",141600,46621000,56.35080044800928,36.77335321848884,f
352213,46-0177-007279-П,"Площадка АО ""ЛГР"" в Трошково","Московская обл, г Раменское, деревня Трошково, ул Новая, д 25",46768000,Federal,1.0,26.0,"{20.11,46.19}",,1.0,1.0,Federal,46,"АКЦИОНЕРНОЕ ОБЩЕСТВО ""ЛИНДЕ ГАЗ РУС""",2002-08-26 20:00:00,5001000041,500101001,t,"Московская область, г. Балашиха, Московская обл, г Балашиха, ул Белякова, д 1А",143907,46704000,55.60668464716843,38.424990873618015,f
40106,46-0177-005802-П,Многопрофильный Перерабатывающий Комплекс,"141070, Московская область, г. Королев, ул. Калининградская, д.5",46734000,Federal,1.0,26.0,"{10.13,10.71}",,1.0,1.0,Federal,46,"ОБЩЕСТВО С ОГРАНИЧЕННОЙ ОТВЕТСТВЕННОСТЬЮ ""МЕТАТР""",2006-06-29 20:00:00,5018110081,501801001,t,"Московская область, г. Королев, Московская область, г. Королев, ул. Ленина, д.10/6",141070,46734000,55.91330583139478,37.84987672158612,f
349262,46-0177-007267-П,"Общество с ограниченной ответственностью ""Пилкингтон Гласс""","Московская область, Раменский район, Чулковский с/о, д. Жуково, ул. Стекольная, 1 ",46648491,Federal,1.0,26.0,{23.11},,1.0,1.0,Federal,46,"Общество с ограниченной ответственностью ""Пилкингтон Гласс""",2002-09-27 20:00:00,5040054932,504005493,t,"Московская область, Раменский район, Чулковский с/о, д.Жуково, Московская область, Раменский район, Чулковский с/о, д.Жуково, ул.Стекольная, 1",140125,46648491,55.51214211626838,38.02691048909522,f
41947,45-0177-004842-П,"ТЭЦ-12 - филиал ПАО ""Мосэнерго""","г. Москва, Бережковская наб., д. 16",45318000,Federal,1.0,24.0,"{35.11.1,35.30.11}",,1.0,1.0,Federal,45,Публичное акционерное общество энергетики и электрификации „Мосэнерго“,2002-10-10 20:00:00,7705035012,772901001,t,"г Москва, пр-кт Вернадского, д 101 к 3",119526,45327000,55.73604794236999,37.55729866653777,f
182353,46-0177-008013-П,Производственная территория № 1,"Московская обл, г Ногинск, ул Бетонная, д 1",46751000,Federal,1.0,26.0,"{23.31,41.20,46.90,52.10}",,1.0,1.0,Federal,46,"Общество с ограниченной ответственностью ""Ногинский комбинат строительных изделий""",2008-09-14 20:00:00,5031037779,503101001,t,"Московская обл, г Ногинск, ул Бетонная, д 1",142410,46751000,55.83849402670789,38.44411008158667,f
372511,46-0177-008007-Т,"Производственное помещение ООО ""ППК""","142000, Московская область, г.Домодедово, улица Промышленная, дом 21",46709000,Federal,1.0,26.0,{38.21},2021-06-29,1.0,1.0,Federal,46,"Общество с ограниченной ответственностью ""ППК""",,7729705629,772901001,t,"Москва, Улица Раменки 17, корпус 1",119607,45325000,55.460362,37.770581,t
183046,46-0177-007242-П,Площадка №1. Свиноводческий комплекс,"г. Москва, Троицкий административный округ, д. Яковлевское",46000000,Federal,1.0,24.0,{01.46},2021-12-06,1.0,1.0,Federal,45,"Общество с ограниченной ответственностью ""Кузнецовский комбинат""",2005-07-26 20:00:00,5030049820,775101001,t,"г. Москва, поселение Новофедоровское, д. Яковлевское",143340,46000000,55.43831877448732,36.910594399597755,t
183082,46-0177-007241-П,Площака №2. Машино-тракторный парк,"г. Москва, Троицкий административный округ, д. Яковлевское",46000000,Federal,1.0,24.0,{01.46},2022-05-19,1.0,1.0,Federal,45,"Общество с ограниченной ответственностью ""Кузнецовский комбинат""",2005-07-26 20:00:00,5030049820,775101001,t,"г. Москва, поселение Новофедоровское, д. Яковлевское",143340,46000000,55.43543276721097,36.9156053685963,t
47158,46-0177-004408-П,Производственная территория,"141364, Московская обл, г Сергиев Посад, рп Скоропусковский, опытный цех 5",46728000,Federal,1.0,26.0,"{20.13,20.14,20.14.7,20.30,20.30.1,20.30.2,20.41.3,46.69.5,71.12.12,72.19}",,1.0,1.0,Federal,46,"ОБЩЕСТВО С ОГРАНИЧЕННОЙ ОТВЕТСТВЕННОСТЬЮ ""ХИМИЧЕСКИЙ ЗАВОД ""МОНАСТЫРИХА""",2015-07-05 21:00:00,5042137221,772101001,t,"Сергиево-посадский район, пгт Скоропусковский, г Москва, Рязанский пр-кт, д 2 стр 86, пом V комн 59",109052,45392000,56.374669588101405,38.16401218843089,f
249549,45-0177-006590-П,"Цех комплексной очистки сточных вод Курьяновских очистных сооружений АО ""Мосводоканал""","125599 г. Москва, Южное Бутово, Проектируемый проез 1113, вл. 1",45909000,Federal,1.0,24.0,{37.00},,1.0,1.0,Federal,45,"Акционерное Общество ""Мосводоканал""",2012-12-28 20:00:00,7701984274,774850001,t,"г. Москва, Плетешковский переулок д. 2",105005,45375000,55.52361626782546,37.52363458784544,f
259202,46-0177-007198-П,"ОАО ""Караваево""","142428,Московская область, Ногинский район, дер.Караваево",46639407,Federal,1.0,26.0,"{17.12,17.21,35.30}",,1.0,1.0,Federal,46,"Открытое акционерное общество по производству и переработке бумаги ""Караваево""",2002-08-04 20:00:00,5031002293,503101001,t,"    Московская область, Ногинский район,     Московская область, Ногинский район, дер.Караваево",142438,46639407,55.861091548446545,38.59029361089695,f
317984,46-0177-005800-П,Производственная территория №1,"Московская область, Ногинский район, г.Старая Купавна, ул.Дорожная, д.13, стр.1",46639103,Federal,1.0,26.0,"{37,38,49.4}",,1.0,1.0,Federal,46,"Общество с ограниченной ответственностью ""Экология 24""",2015-12-06 21:00:00,7725299165,772501001,t,"г.Москва, г.Москва, ул.2-ая Рощинская, д.4, оф.503",115191,45914000,55.793318356112934,38.19816919151052,f
276540,46-0177-005986-П,"Полигон №2 ""Лопатинский""","140200, Московская область, Воскресенский р-н, с/о Елкинский, д. Перхурово,40.",46606101,Federal,1.0,26.0,"{20.13,20.59.5}",2023-07-14,1.0,1.0,Federal,46,"АКЦИОНЕРНОЕ ОБЩЕСТВО ""ОБЪЕДИНЕННАЯ ХИМИЧЕСКАЯ КОМПАНИЯ ""УРАЛХИМ""",2007-10-29 21:00:00,7703647595,770301001,t,"г Москва, Пресненская наб, д 6 стр 2",123112,45380000,55.32436547878927,38.752062758362555,t
172014,46-0177-004340-П,участок обезвреживания отходов производства и потребления,"141113, Московская область, Раменский район, Островецкое с/о, село Верхнее Мячково, аэродром ""Мячково""",46648000,Federal,1.0,26.0,"{28.21,33.12,33.14,35.30.14,35.30.4,37.00,38.32.5,41.20,43.22,45.2,46.77,47.9,49.3,49.41,49.41.3,52.24,71.1,71.2,72.1,77.39.11,81.22,85.41,96.09}",,1.0,1.0,Federal,46,"Общество с ограниченной ответственностью ""АПЕК""",2010-06-15 20:00:00,5012061712,504101001,t,"Московская область, г.Реутов, пр-т Мира, д.4",143966,46764000,55.56754574362251,37.988636587920965,f
356423,45-0177-007917-П,"ЗАО ""Новая Заря"" ","115162, г. Москва, ул. Павла Андреева, д. 23",45914000,Federal,1.0,44.0,"{01.19,18.12,20.42,33.12,41.20,47.75.1,47.75.2,56.10,62.01,70.22,71.11.1,72.19,73.11,73.20.1,91.02,96.09}",,1.0,1.0,Regional,45,"Закрытое акционерное общество ""Новая Заря""",2002-12-19 21:00:00,7725008994,772501001,t,"г. Москва, г. Москва, ул. Павла Андреева, д. 23",115162,45914000,55.72003166065281,37.62104386179834,f
81651,46-0177-005955-П,Филиал ПАО «ОАК» - Луховицкий авиационный завод имени П.А. Воронина,"Московская обл, г Луховицы, территория ЛАЗ имени Павла Андреевича Воронина",46747000,Federal,1.0,26.0,{30.30.3},,1.0,1.0,Federal,46,"ПУБЛИЧНОЕ АКЦИОНЕРНОЕ ОБЩЕСТВО ""ОБЪЕДИНЕННАЯ АВИАСТРОИТЕЛЬНАЯ КОРПОРАЦИЯ""",2015-04-15 21:00:00,7708619320,770501001,t,"г Москва, ул Большая Пионерская, д 1",115054,45376000,54.90121330653913,39.03966282638718,f
101489,46-0177-004780-П,"Полигон ТБО ""Лесная""","Московская область, Серпуховский район, в 1,5 км западнее г. Серпухова.",46651000,Federal,1.0,26.0,"{38.1,38.11}",,1.0,1.0,Federal,46,Общество с ограниченной ответственностью «СКАЙВЭЙ»,2005-04-26 20:00:00,5077017430,507701001,t,"Московская область, Серпуховский р-н, п. Большевик, ул.Ленина, дом 9",142253,46651000,54.92525860614322,37.334416579847456,f
368183,45-0177-007906-П,объект утилизации и обезвреживания отходов,"117545, г. Москва, ул. Дорожная, д. 3, корп. 16 ",45925000,Federal,1.0,24.0,{38.21},,1.0,1.0,Federal,45,"ОБЩЕСТВО С ОГРАНИЧЕННОЙ ОТВЕТСТВЕННОСТЬЮ ""ЭКОПРОМТЕХНОЛОГИЯ""",2008-01-31 21:00:00,7726587487,772601001,t,"г. Москва, ул. Артековская, д.7, корп.1",117556,45000000,55.60999663125434,37.63232573554994,f
361480,46-0177-007904-П,Очистные сооружения сточных вод г. Чехов,"142300, Московская область, г. Чехов, ул. Солнышевская, владение 30",46656101,Federal,1.0,26.0,"{37,68.32.1}",,1.0,1.0,Federal,46,Муниципальное предприятие Чеховского района «Жилищно-коммунальное хозяйство Чеховского района»,2003-01-09 21:00:00,5048052077,504801001,t,"Московская область, г. Чехов, Московская область, г. Чехов, Солнышевская, 53",142300,46656101,55.13018152460868,37.46646358197736,f
279070,46-0177-005176-П,"АО ""Металлургический завод ""Электросталь""","Московская область, г.Электросталь, ул.Железнодорожная, д.1",46790000,Federal,1.0,26.0,"{24.10.2,24.10.3,24.10.6,24.31,24.32,24.34,35.12,35.30,49.41.1,55.90,56.29.1,61.10.1,86.21}",,1.0,1.0,Federal,46," Акционерное Общество ""Металлургический завод ""Электросталь""",,5053000797,509950001,t,"г. электросталь, московская область, ул. Железнодорожная, д. 1",144002,46790000,55.766085751042354,38.46264533716309,f
281540,46-0177-000182-П,"ООО ""Термглас""","141600, Московская область, г. Клин, Волоколамское шоссе, 44",46621101,Federal,1.0,26.0,{23.1},,1.0,1.0,Federal,46,"Общество с ограниченной ответственностью ""Термглас""",2009-11-22 21:00:00,5020059361,502001001,t,"Московская область, г. Клин, Волоколамское шоссе, дом 44",141600,46621101,56.32928194444443,36.683748611111106,f
283882,46-0177-004828-П,"Акционерное общество ""Московский коксогазовый завод"" (АО""МОСКОКС"")","142703, Московская область, Ленинский район, г. Видное, Белокаменное шоссе, владение 13",46628101,Federal,1.0,26.0,{19.1},,1.0,1.0,Federal,46,"Акционерное общество ""Московский коксогазовый завод""",2002-12-02 21:00:00,5003003915,509950001,t,"Российская Федерация, Московская область, Ленинский район, г. Видное, Белокаменное шоссе, владение 13",142703,46628101,55.55423213778789,37.76217679366489,f
264275,46-0177-005252-П,Производственная площадка,"Московская обл, г Долгопрудный, Лихачевский проезд, д 7",46716000,Federal,1.0,26.0,"{21.1,72.1}",,1.0,1.0,Federal,46,"АКЦИОНЕРНОЕ ОБЩЕСТВО ""НАУЧНО-ИССЛЕДОВАТЕЛЬСКИЙ ИНСТИТУТ ОРГАНИЧЕСКИХ ПОЛУПРОДУКТОВ И КРАСИТЕЛЕЙ""",2022-07-07 21:00:00,9710099978,771001001,t,"г Москва, ул Большая Садовая, д 1/4 стр 1",123001,45380000,55.91568749036399,37.52621015818543,f
251338,45-0177-006580-П,Производственная территория,"111674, г. Москва, ул. 2-я Вольская, д. 38, стр. 2",45391000,Federal,1.0,24.0,{20.13},,1.0,1.0,Federal,45,"Акционерное общество ""ВТЕ ЮГО-ВОСТОК""",2008-07-13 20:00:00,7732523241,772101001,t,"г. Москва, 2-я Вольская, д. 38, корп. 2",111674,45391000,55.688650871928914,37.95530088334611,f
356422,45-0177-007879-П,"ЗАО ""Новая Заря""","115201, г. Москва, 2-й Котляковский пер., д 3",45917000,Federal,1.0,44.0,"{01.19,18.12,20.42,33.12,41.20,47.75.1,47.75.2,56.10,62.01,70.22,71.11.1,72.19,73.11,73.20.1,91.02,96.09}",,1.0,1.0,Regional,45,"Закрытое акционерное общество ""Новая Заря""",2002-12-19 21:00:00,7725008994,772501001,t,"г. Москва, г. Москва, ул. Павла Андреева, д. 23",115162,45914000,55.64668120954272,37.63461399704765,f
291320,46-0177-007127-П,Обособленное подразделение (производство),"142455, Московская обл., Ногинский район, г. Электроугли, ул. Центральная, промплощадка",46639105,Federal,1.0,26.0,{24.41},,1.0,1.0,Federal,46,"Общество с ограниченной ответственностью ""ПРОМТОРГ""",2015-07-05 21:00:00,7722332760,772201001,t,"г. Москва, г. Москва, ул. 2-я Кабельная, д. 2, стр. 9",111024,45388000,55.72775502480738,38.2077081471528,f
349626,46-0177-007130-П,"Филиал ООО ""Хенкель Рус"" в пос. им. Воровского","142460, Московская область, Ногинский район, северо-западнее 2 км. пос. им. Воровского , промышленная площадка №1",46639154,Federal,1.0,26.0,{20.4},,1.0,1.0,Federal,46,"Филиал ООО ""Хенкель Рус"" в поселке им. Воровского",2016-04-18 21:00:00,7702691545,503143001,t,"Москва, Колокольников пер..д.11",107045,45379000,55.742398482147486,38.28188717337822,f
383505,46-0177-008461-П,"КОС ""Акатово""","Московская область, г.о. Балашиха, г.Балашиха, мкр. Салтыковка, cеверная часть квартала Акатово",46704000,Federal,1.0,26.0,"{11.07,33.12,37.00,42.21,42.22.1,45.20,46.34,47.25,47.91.2,49.41.2,52.24,71.12,71.20.1,71.20.9,77.39.1,35.30,42.22.2,52.29,71.11.1}",,1.0,1.0,Federal,46,"ОБЩЕСТВО С ОГРАНИЧЕННОЙ ОТВЕТСТВЕННОСТЬЮ ""БАЛАШИХИНСКИЕ КОММУНАЛЬНЫЕ СИСТЕМЫ""",2007-02-04 21:00:00,5012039114,500101001,t,"Московская область, г.Балашиха, Московская обл, г Балашиха, ул Белякова, д 2Б, офис 52",143903,46704000,55.77681409050435,37.94389585186668,f
383739,46-0177-008449-П,"ООО  ""Эй Джи Си Флэт Гласс Клин""","141667, Московская область, Клинский район, с. Спас-Заулок, ул. Сосновый бор, 36",46621000,Federal,1.0,26.0,"{23.11,23.12,32.12.1,41.20,45.1,46.72.23,52.24.2,62.01,62.02,63.11,70.22,73.11,73.20.1,95.11}",,1.0,1.0,Federal,46,"Общество с ограниченной ответственностью  ""Эй Джи Си Флэт Гласс Клин""",2003-01-14 21:00:00,5020033028,502001001,t,"Московская область, Клинский район, с. Спас-Заулок, Московская область, Клинский район, с. Спас-Заулок, ул. Сосновый бор, 36",141667,46621000,56.48409482435822,36.55356091774625,f
366425,46-0177-007851-П,"142455, Московская область, Ногинский район, город Электроугли, Банный переулок, 9","142455, Московская область, Ногинский район, город Электроугли, Банный переулок, 9",46639105,Federal,1.0,26.0,"{20.30.2,20.41.3,20.41.4,20.59.4,20.59.5,42.21,42.22.1,43.12,43.12.3,43.2,43.31,43.32,43.33,43.34,43.91,43.99.2,43.99.3,43.99.4,43.99.5,43.99.6,43.99.7,43.99.9,46.49,46.90,47.19,52.10,52.29,72.19}",,1.0,1.0,Federal,46,Закрытое акционерное общество «Эльф Филлинг»,2003-01-27 21:00:00,5031042730,503101001,t,"Ногинский район, г. Электроугли, Ногинский район, г. Электроугли, Банный переулок, дом 9",142455,46639105,55.72443569813658,38.19810681396473,f
361358,46-0177-007827-П,Промплощадка,"Московская обл., г. Долгопрудный, Лихачёвский проезд, д.5",46716000,Federal,1.0,26.0,{20.59.5},,1.0,1.0,Federal,46,"Акционерное общество «Производственное Объединение ""ТОС""",2002-10-13 20:00:00,5008000202,500801001,t,"Московская обл., г. Долгопрудный, Лихачёвский проезд, д.5",141700,46716000,55.918183862425295,37.52821799169119,f
346701,45-0177-007087-П,Производственная территория,"117545, Москва, Дорожная улица, дом 3, корпус 16",45920000,Federal,1.0,24.0,{38.32.5},,1.0,1.0,Federal,45,Общество с ограниченной ответственностью  «Научно-производственное предприятие «ЭКОТРОМ Ртутная безопасность»,2004-11-09 21:00:00,7726336677,772601001,t,"Москва, Дорожная улица, дом 3, корпус 16",117545,45920000,55.609914334311675,37.632444642598074,f
354950,46-0177-007779-П,ОСК Дмитров,"141800, Московская обл, г Дмитров, ул Луговая, д 75",46715000,Federal,1.0,26.0,{36.00},,1.0,1.0,Federal,46,"МУНИЦИПАЛЬНОЕ УНИТАРНОЕ ПРЕДПРИЯТИЕ ""НЕКРАСОВСКИЙ ВОДОКАНАЛ""",2014-11-12 21:00:00,5007091951,500701001,t,"Московская обл, г Дмитров, ул Профессиональная, д 99",141801,46715000001,56.365561151680836,37.52091104386819,f
142412,45-0177-004732-П,ТЭЦ-21,"г. Москва, ул. Ижорская, д. 9",45339000,Federal,1.0,24.0,"{35.11.1,35.30.11}",,1.0,1.0,Federal,45,Публичное акционерное общество энергетики и электрификации «Мосэнерго»,2002-10-10 20:00:00,7705035012,997450001,t,"Москва, проспект Вернадского, д.101,к.3",119526,45376000,55.89285141500089,37.508054192981994,f
23507,45-0177-004727-П,"ТЭЦ-26 - филиал ПАО ""Мосэнерго""","Москва, Востряковский пр. 10",45912000,Federal,1.0,24.0,"{35.11.1,35.30.11}",,1.0,1.0,Federal,45,"Публичное акционерное общество энергетики и электрификации ""Мосэнерго""",2002-10-10 20:00:00,7705035012,997450001,t,"Москва, Вернадского пр. д.101 к.3",119526,45327000,55.578765028411375,37.62935924735303,f
265999,46-0177-004087-П,Очистные сооружения канализации г.Сергиев Посад,"141300, Московская обл., г.Сергиев Посад , п.Птицеград",46615101,Federal,1.0,26.0,"{36.00.2,37.00,41.20,43.22}",,1.0,1.0,Federal,46,"Муниципальное унитарное предприятие городского поселения Сергиев Посад""Водоканал""",2002-10-28 21:00:00,5042002584,504201001,t,"Московская обл, г Сергиев Посад, ул Глинки, двлд 2",141303,46728000,56.28460594815742,38.16724000290875,f
221284,46-0177-004062-П,"производственная территория АО ""ЗАС""","Московская обл, г Подольск, мкр Львовский, проезд Металлургов, д 3к",46760000,Federal,1.0,26.0,"{16.10.1,16.10.2,24.42,25.62,28.91,35.12,35.22,36.00.2,38.32.3,38.32.4,45.20.2,46.77,61.10.1,62.01,63.11,63.11.1,68.10.12,68.20.2,71.20.1,72.19}",,1.0,1.0,Federal,46, Акционерное общество «Завод алюминиевых сплавов»,2009-08-24 20:00:00,5074112710,660850001,t,"МО, го Подольск, г. Подольск, микрорайон Львовский, Московская обл, г Подольск, мкр Львовский, проезд Металлургов, д 3к",142155,46760000,55.323425637508464,37.51423079239661,f
267686,46-0177-004040-П,"МУП ""Водоканал-Сервис"" (Городские очистные сооружения)","Московская область, г. Серпухов, Безымянный переулок, д.1",46770000,Federal,1.0,26.0,{37.00},,1.0,1.0,Federal,46,"Муниципальное унитарное предприятие города Серпухова Московской области ""Водоканал-Сервис""",2002-12-15 21:00:00,5043019742,504301001,t,"г.Серпухов                      , ул.Подольская, д.4",142203,46770000,54.53417452693584,37.24777632366423,f
366353,45-0177-007723-П,Производственная площадка,"город Москва, улица Новозаводская, дом 18; Филевский бульвар, строение 1Ж",45328000,Federal,1.0,24.0,"{30.30,30.30.4,30.30.41,30.30.42,30.30.43,30.30.5,35.30.14,35.30.3,35.30.4,35.30.5,72.19,35.30.2}",,1.0,1.0,Federal,45,"Акционерное общество ""Государственный космический научно-производственный центр имени М.В. Хруничева""",2017-11-16 21:00:00,7730239877,773001001,t,"г. Москва, ул. Новозаводская, д. 18",121309,45328000,55.75764710069944,37.49015459229862,f
310246,46-0177-005785-П,"ООО ""Фрегат"" Производственная площадка 1","Московская область, г. Воскресенск , ул .Кирова ,д.3 стр.6",46710000,Federal,1.0,26.0,{24.43.1},,1.0,1.0,Federal,46,"Общество с ограниченной  ответственностью  ""Фрегат""",2005-03-27 20:00:00,7703545931,500501001,t,"Московская обл, г Воскресенск, ул Кирова, д 3 стр 6",140200,46710000,55.29551437089715,38.71276980979153,f
272446,45-0177-004093-П,"ООО ""Биосейв""","г. Москва, Троицкий административный округ, с.п. Краснопахорское, вблизи д. Чириково",45948000,Federal,1.0,24.0,{71.12.53},2023-03-29,1.0,1.0,Federal,45,"Общество с ограниченной ответственностью ""Биосейв""",,7723541445,772301001,t,"г. Москва, Новомарьинская ул., д. 11, корп. 1, кв. 107",109451,45000000,55.384327588881426,37.30434114372413,t
338779,46-0177-006981-П,"Полигон ТБО ""Непеино""","Московская область, Дмитровский район, д. Непеино",46608000,Federal,1.0,26.0,{39},,1.0,1.0,Federal,46,"Общество с ограниченной ответственностью ""Эко-Жилком""",2003-02-18 21:00:00,5007041140,500701001,t,"Дмитровский район, г. Дмитров, Дмитровский район, г. Дмитров, ул. Профессиональная, д.99",141800,46608101,56.42645774250257,37.57147699399923,f
142860,46-0177-005703-П,"Общество с ограниченной ответственностью ""Метадинеа"" ","142603, Московская обл., г. Орехово-Зуево, ул. Дзержинского, д. 34",46757000,Federal,1.0,26.0,"{20.14.7,20.16,46.12.31}",,1.0,1.0,Federal,46,"Общество с ограниченной ответственностью ""Метадинеа""",2012-05-30 20:00:00,7718888882,503401001,t,"Московская область, г Орехово-Зуево, ул Дзержинского, д 34 ",142603,46757000,55.7973022882722,38.936282034579065,f
270970,46-0177-006349-П,Полигон ТБО Егорьевский,"Московская область, г. Егорьевск, ул. Владимирская, д.20 ",46612101,Federal,1.0,26.0,"{38.1,38.2}",,1.0,1.0,Federal,46,"Общество с ограниченной ответственностью "" ПромЭкоСпецТехнологии""",2007-04-04 20:00:00,5011027525,501101001,t,"Московская область, г. Егорьевск, Московская область, г. Егорьевск, Улица Владимирская, д. 20",140301,46612101,55.409364776063214,39.04171811420687,f
361661,46-0177-007655-П,Производственная площадка,"Московская область, г. Подольск, ул. Вишневая, 5 б",46760000,Federal,1.0,26.0,{38.1},,1.0,1.0,Federal,46,"Общество с ограниченной ответственностью ""Легион""",2016-06-28 21:00:00,5036159788,503601001,t,"город Подольск, город Подольск, улица Вишневая, 5 б",142111,46760000,55.47819118550842,37.57357649687301,f
57104,46-0177-005082-П,"ТЭЦ-22 филиал ПАО ""Мосэнерго"" ","140091, Московская область,  г. Дзержинский, ул. Энергетиков, д. 5",46711000,Federal,1.0,26.0,{35.11.1},,1.0,1.0,Federal,46,"Публичное акционерное общество ""Мосэнерго""",2015-06-23 21:00:00,7705035012,997450001,t,"РФ, г. Москва,  проспект Вернадского, д.101, корп. 3",119526,45376000,55.62812309775048,37.81923307968658,f
343946,46-0177-006975-П,"ООО ""Неофам-Талдом""","141820, Московская область, Дмитровский район,  поселок совхоза “Будённовец”",46608470,Federal,1.0,26.0,{01.46},,1.0,1.0,Federal,46,"Общество с ограниченной ответственностью ""Неофам-Талдом""",2015-11-10 21:00:00,5078018098,500701001,t,"Московская область, Дмитровский район, поселок совхоза “Будённовец”, Московская область, Дмитровский район, поселок совхоза “Будённовец”, -",141820,46608470,56.377502248554215,37.61848475573285,f
337808,46-0177-006948-П,"г. Щелково, ул. Заречная, д. 105","Московская область, г. Щелково, ул. Заречная, д. 105",46659101,Federal,1.0,26.0,"{38.1,38.2}",,1.0,1.0,Federal,46,Общество с ограниченной ответственностью «НПСТЦ»,2013-07-22 20:00:00,7719850962,771901001,t,"г. Москва, г. Москва, ул. 9-я Парковая, д. 49, кор. 2, оф. 37.",105425,45313000,55.928625242919864,38.02490582392899,f
54674,22-0177-005470-П,Производственная территория,"141364, Московская обл, г Сергиев Посад, рп Скоропусковский, тер Производственная зона, д 63 стр 2",46728000,Federal,1.0,26.0,"{20.13,20.41.3,46.76,71.12.12,72.19,20.11,20.14.4,20.14.5,20.14.7,20.16,20.30.1,20.41.2,38.32.3,49.20,49.20.1,49.20.9,49.41.1,49.41.2,49.42,52.29,55.10,55.90,71.20,77.11,77.12}",,1.0,1.0,Federal,46,"ОБЩЕСТВО С ОГРАНИЧЕННОЙ ОТВЕТСТВЕННОСТЬЮ ""СКОРОПУСКОВСКИЙ СИНТЕЗ""",2001-07-18 20:00:00,5042065880,772101001,t,"Нижний Новгород, г Москва, Рязанский пр-кт, д 2 стр 49, пом I комн 22/25",109052,45392000,56.37417734116388,38.16329597378806,f
61819,46-0177-006963-П,«Комплекс по обработке и размещению твердых коммунальных отходов на территории Можайского городского округа Московской области»,"143253, Московская обл, 131-й км Минского шоссе, вблизи д. Храброво",46745000,Federal,1.0,26.0,{38.21},,1.0,1.0,Federal,46,"Общество с ограниченной ответственностью ""Можайский МПК"" ",2017-04-20 21:00:00,9729076290,502801001,t,"Московская обл, г Можайск, тер Комплекса по обработке и размещению ТКО (деревня Храброво), д 1 стр 1, этаж/помещения 2/2",143253,46745000,55.457720458184475,35.666587525675475,f
143854,46-0177-003944-П,"Производственная площадка АО ""Краснозаводский химический завод""","Московская обл, г Сергиев Посад, г Краснозаводск, пл Рдултовского, д 1",46728000,Federal,1.0,26.0,{25.40},,1.0,1.0,Federal,46,Акционерное общество  “Краснозаводский химический завод”,2014-08-03 20:00:00,5042126251,504201001,t,"Российская Федерация, Московская область, Сергиево-Посадский район, г. Краснозаводск, Московская обл, г Сергиев Посад, г Краснозаводск, пл Рдултовского, д 1",141321,46728000,56.45254170377632,38.23767138601229,f
281612,45-0177-004677-П,"Прозводственная территория ТОП ""ЛЭМЗ""","г. Москва, Дмитровское шоссе, д. 110",45339000,Federal,1.0,24.0,{26.51.2},,1.0,1.0,Federal,45,"Публичное акционерное общество ""Научно-производственное объединение ""Алмаз"" имени академика А.А. Расплетина"" ",2002-08-11 20:00:00,7712040285,997450001,t,"г. Москва, Ленинградский проспект, дом 80, корп.16",125190,45345000,55.89296581992729,37.547442993457565,f
294466,46-0177-004972-П,"Полигон ТБО ""Сабурово""","Московская область, Щелковский район, деревня Сабурово, полигон ТБО ""Сабурово""",46659101,Federal,1.0,26.0,"{43.12.3,37,43.99.9,81.29.9}",,1.0,1.0,Federal,46,"Общество с ограниченной ответственностью ""ЭкоПолигон-Щелково""",2008-12-08 21:00:00,5050075480,505001001,t,"Московская область, г. Щелково, ул. Заводская, д. 3, помещение А, А",141101,46659101,55.98693628635605,38.04902713233411,f
142025,45-0177-005002-П,производственная площадка,"121596, г. Москва, ул. Горбунова, дом 2",45321000,Federal,1.0,24.0,{72.19},,1.0,1.0,Federal,45,"Открытое акционерное общество ""Всероссийский институт легких сплавов""",2002-08-06 20:00:00,7731008209,773101001,t,"г.Москва, ул.Горбунова, 2",121596,45321000,55.726750417781794,37.393632925202915,f
46598,46-0177-006921-П,"производственные помещения ООО ""Агровит""","Московская обл, г Раменское, деревня Юрово, ул Центральная, стр 149",46768000,Federal,1.0,26.0,"{10.91,20.15,20.20,46.38.22,46.75.1}",,1.0,1.0,Federal,46,"Общество с Ограниченной Ответственностью ""Агровит""",2002-10-27 21:00:00,7702157710,500101001,t,"г. Балашиха, ул. Звездная, д. 7, корп. 1 ",143909,46704000,55.52164060245882,38.37655472972405,f
46598,46-0177-006921-П,"производственные помещения ООО ""Агровит""","Московская обл, г Раменское, деревня Юрово, ул Центральная, стр 149",46768000,Federal,1.0,26.0,"{10.91,20.15,20.20,46.38.22,46.75.1}",,1.0,1.0,Federal,46,"Общество с Ограниченной Ответственностью ""Агровит""",2002-10-27 21:00:00,7702157710,500101001,t,"г. Балашиха, ул. Звездная, д. 7, корп. 1 ",143909,46704000,55.52164060245882,38.37655472972405,f
243801,46-0177-006915-П,Гальваническое производство,"Московская обл, г Королёв, ул Ленина, д 4А",46734000,Federal,1.0,26.0,{30.30.4},,1.0,1.0,Federal,46,"ПУБЛИЧНОЕ АКЦИОНЕРНОЕ ОБЩЕСТВО ""РАКЕТНО-КОСМИЧЕСКАЯ КОРПОРАЦИЯ ""ЭНЕРГИЯ"" ИМЕНИ С.П.КОРОЛЁВА""",2002-10-20 20:00:00,5018033937,501801001,t,"Московская обл, г Королёв, ул Ленина, д 4А",141070,46734000,55.923828458766124,37.80197946004076,f
70022,46-0177-007565-П,Производство серого цемента,"140414, Московская область, г. Коломна, ул. Цементников, дом 1",46738000,Federal,1.0,26.0,{23.51},,1.0,1.0,Federal,46,"Общество с ограниченной ответственностью ""Холсим (Рус) Строительные Материалы""",,5022050558,509950001,t,"Московская область, г. Коломна, улица Цементников, дом 1",140414,46738000,55.061108853266354,38.82918556030509,f
70816,46-0177-004656-П,"ООО ""РЗП""","140730, Московская область, г. Рошаль, ул. Косякова, д. 18",46765000,Federal,1.0,26.0,{20.14.7},,1.0,1.0,Federal,46,"Общество с ограниченной ответственностью ""Рошальский завод пластификаторов""",2006-01-22 21:00:00,5049015303,505501001,t,"г. Рошаль, ул. Косякова, д. 18",140730,46765000,55.6836583225149,39.896790391431686,f
40290,45-0177-004658-П,"Теплоэлектроцентраль №25 - филиал публичного акционерного общества энергетики и электрификации ""Мосэнерго""","119530, г. Москва, ул. генерала Дорохова, 16",45323000,Federal,1.0,24.0,{35.11.1},,1.0,1.0,Federal,45,"Публичное акционерное общество Энергетики и Электрификации ""Мосэнерго""",2002-10-10 20:00:00,7705035012,997450001,t,"г. Москва, Проспект Вернадского, д. 101, корп. 3",119526,45324000,55.69633240871231,37.44508000901303,f
2717,45-0177-004662-П,"Общество с ограниченной ответственностью  ""Останкинский молочный комбинат""","127254, г. Москва, ул. Руставели, д.14, строение 10",45353000,Federal,1.0,24.0,"{10.32,10.51.1,10.51.2,10.51.3,10.51.9,10.71,10.72,11.07,11.07.2,18.12,20.41.3,32.99.9,46.33.1,47.29.11,68.20.2,86.90.9}",,1.0,1.0,Federal,45,Открытое акционерное общество«Останкинский молочный комбинат» ,2002-01-10 21:00:00,7715087436,774850001,t,"г.Москва, г.Москва, ул.Руставели, д.14",127254,45353000,55.81238558085184,37.597925451743194,f
189899,46-0177-005426-П,Основная Промплощадка,"140200, Российская Федерация, Московская область, г. Воскресенск, ул. Заводская д.1;",46710000,Federal,1.0,26.0,"{20.13,20.15}",,1.0,1.0,Federal,46,"АКЦИОНЕРНОЕ ОБЩЕСТВО ""ОБЪЕДИНЕННАЯ ХИМИЧЕСКАЯ КОМПАНИЯ ""УРАЛХИМ""",2007-10-29 21:00:00,7703647595,770301001,t,"г Москва, Пресненская наб, д 6 стр 2",123112,45380000,55.29880647294885,38.7026054510468,f
276543,46-0177-005422-П,Цех НиОПСВ,"Московская обл, г Воскресенск, ул Гиганта, д 24",46710000,Federal,1.0,26.0,"{37.00,20.13}",2023-07-14,1.0,1.0,Federal,46,"АКЦИОНЕРНОЕ ОБЩЕСТВО ""ОБЪЕДИНЕННАЯ ХИМИЧЕСКАЯ КОМПАНИЯ ""УРАЛХИМ""",2007-10-29 21:00:00,7703647595,770301001,t,"г Москва, Пресненская наб, д 6 стр 2",123112,45380000,55.24575826327157,38.74120239490214,t
55293,45-0177-005419-П,"территория ""Б-В""","105118, г. Москва, проспект Буденного, д. 16",45314000,Federal,1.0,24.0,"{30.30.12,72.19}",,1.0,1.0,Federal,45,"Акционерное общество ""Объединенная двигателестроительная корпорация",2010-02-09 21:00:00,7731644035,997450001,t,"г. Москва, проспект Буденного, д. 16 ",105118,45314000,55.772091375223894,37.72170837845372,f
379171,45-0177-000132-П,Мусоросжигательный завод,"г Москва, ул Подольских Курсантов, д 22А",45912000,Federal,1.0,24.0,{38.21},,1.0,1.0,Federal,45,"Общество с ограниченной ответственностью ""ЕФН-Экотехпром МСЗ 3""",2007-05-09 20:00:00,7737520364,772401001,t,"г. Москва, ул. Подольских Курсантов, д.22А",117546,45912000,55.59970334960697,37.63516952145633,f
57199,45-0277-001716-П,"Филиал публичного акционерного общества энергетики и электрификации ""Мосэнерго"" - Теплоэлектроцентраль № 20","г Москва, ул Вавилова, д 13",45397000,Federal,1.0,24.0,"{35.11.1,35.30.14}",,1.0,1.0,Federal,45,"Публичное акционерное общество энергетики и электрификации ""Мосэнерго""",2002-10-10 20:00:00,7705035012,772901001,t,"г Москва, пр-кт Вернадского, д 101 к 3",119526,45327000,55.69942169089749,37.587482741595025,f
32504,46-0177-006297-П,Производственная территория №1,"Московская область, г. Чехов, Симферопольское ш., д.8",46656101,Federal,1.0,26.0,"{20,25,38,46,49}",2022-10-26,1.0,1.0,Federal,46,"Общество с ограниченной ответственностью  ""Экосвет""",2004-01-13 21:00:00,5048010486,504801001,t,"Чехов, Симферопольское шоссе, дом 8",142300,46784000,55.1649676250775,37.4639729554839,t
272245,46-0177-004622-П,Производственная площадка №2,"Московская область, г. Жуковский, ул. Наркомвод",46725000,Federal,1.0,26.0,{37.00},,1.0,1.0,Federal,46,"Общество с ограниченной ответственностью "" КАНАЛ-СЕРВИС+""",2002-09-18 20:00:00,5013044981,504001001,t,"Московская область, г. Жуковский, ул. Спасателей, д.3а",140180,46725000,55.55100042325034,38.112196830004024,f
209279,45-0177-004618-П,Промплощадка № 2,"117545, г. Москва, ул. Дорожная, д. 3, корп. 16",45925000,Federal,1.0,24.0,{38.32.5},,1.0,1.0,Federal,45,"Общество с ограниченной ответственностью ""Научно-производственное предприятие ""ЭКОТРОМ""",2002-10-15 20:00:00,7726013972,772601001,t,"г. Москва, Варшавское шоссе, дом 93",117556,45920000,55.60999519811903,37.63233117089854,f
16741,46-0177-003907-П,Кирпичный завод,"142840, Московская область, город Ступино, рабочий поселок Михнево, Донбасская улица, 95",46653101,Federal,1.0,26.0,{23.32},,1.0,1.0,Federal,46,"Общество с ограниченной ответственностью ""Михневская керамика""",1998-05-11 20:00:00,5045021793,504501001,t," Московская область, город Ступино,, рабочий поселок Михнево, Донбасская улица, 95",142840,46653101,55.11485111280542,37.97452962975411,f
329489,46-0177-006808-П,Очистные сооружения,"Московская обл, г Павловский Посад, Интернациональный пер, д 28б",46759000,Federal,1.0,26.0,{37.00},,1.0,1.0,Federal,46,"ГОСУДАРСТВЕННОЕ УНИТАРНОЕ ПРЕДПРИЯТИЕ МОСКОВСКОЙ ОБЛАСТИ ""ЭНЕРГЕТИК""",2002-08-20 20:00:00,5035019481,503501001,t,"Московская обл, г Павловский Посад, Интернациональный пер, д 28",142505,46759000,55.773726144343335,38.7211349505091,f
305199,46-0177-006794-П,Очистные сооружения города Домодедово,"142000, Московская область, город Домодедово, мкр. Северный, ул. Энергетиков, дом 17",46709000,Federal,1.0,26.0,"{36.00,37.00}",,1.0,1.0,Federal,46,"Муниципальное унитарное предприятие городского округа Домодедово ""Домодедовский водоканал""",,5009034660,500901001,t,"Московская область, город Домодедово, ул. Заводская, д.8",142000,46709000,55.456883928331706,37.731536534025665,f
17040,46-0177-005372-П,"ООО ""ПП ""МЕТА 5""","Московская обл, г Щёлково, ул Заводская, д 2 к 23а",46788000,Federal,1.0,26.0,{24.43.1},,1.0,1.0,Federal,46,"Общество с ограниченной ответственностью ""Производственное предприятие ""МЕТА 5""",1997-01-28 21:00:00,7701150744,505001001,t,"Московская обл., г. Щёлково, ул. Заводская, д. 2",141100,46659000,55.910840281138604,38.02392811138719,f
115895,46-0177-003830-П,Производственная территория,"141603, Московская область, г.Клин, ул.Терешковой, д.1",46737000,Federal,1.0,26.0,{20.41.3},,1.0,1.0,Federal,46,"Общество с ограниченной ответственностью ""Рекитт Бенкизер""",2004-04-16 20:00:00,7705495411,774850001,t,"г Москва, вн.тер.н. муниципальный округ Замоскворечье, наб. Шлюзовая, д 4",115114,45376000,56.3455059115022,36.68651282236387,f
101506,46-0177-003827-П,Комплекс по переработке и размещению ТКО «Алексинский карьер»,"141600, Московская область, Клинский район, вблизи д. Ясенево, Городской округ Клин, СПК ""Колхоз имени Горького"", участок с кадастровым номером 50:03:0040280:25",46737000,Federal,1.0,26.0,"{38,38.1,38.32.2,38.32.3,38.32.4,38.32.51,38.32.53,38.32.55,38.32.59,81.29.9}",,1.0,1.0,Federal,46,"Общество с ограниченной ответственностью ""Комбинат""",2005-08-24 20:00:00,5020043234,502001001,t,"Московская область, г. Клин, ул. Горького, дом 2",,,,,
223669,45-0177-003894-П,"Площадка опытного и опытно-промышленного производства мелкосерийных партий продукции специального и двойного назначения  Акционерного Общества ""Институт пластмасс им. Г. С. Петрова"" (АО ""Институт пластмасс"")","111024, г. Москва, Перовский  проезд, вл.35. ",45388000,Federal,1.0,24.0,{72.19},,1.0,1.0,Federal,45,"АКЦИОНЕРНОЕ ОБЩЕСТВО ""ИНСТИТУТ ПЛАСТМАСС ИМЕНИ Г.С. ПЕТРОВА""",2002-12-14 21:00:00,7722013192,772201001,t,"г Москва, Перовский проезд, вл. 35",111024,45388000,55.74429646053945,37.709152143360896,f
4695,46-0177-002676-П,полигон твердых бытовых отходов,"московская область ,Шатурский район на расстоянии 650 метров  южнее ул.чехова",46657101,Federal,1.0,26.0,{90.02},,1.0,1.0,Federal,46,"Общество с ограниченной ответственностью "" ПОЛИГОН-СЕРВИС+""",2012-10-21 20:00:00,5049020938,504901001,t,"г.шатура, улица Советская  дом13",140700,46657000,55.55249190454809,39.52267485276301,f
47370,46-0177-001765-П,объект по производству керамического кирпича и блоков,"Московская обл, г Раменское, поселок Гжель",46768000,Federal,1.0,26.0,{23.32},,1.0,1.0,Federal,46,"ОТКРЫТОЕ АКЦИОНЕРНОЕ ОБЩЕСТВО ""ГЖЕЛЬСКИЙ КИРПИЧНЫЙ ЗАВОД""",1993-04-01 20:00:00,5040010068,504001001,f,"Раменский район, пос. Гжель, 140165, ОБЛАСТЬ МОСКОВСКАЯ, РАЙОН РАМЕНСКИЙ, ПОСЕЛОК ГЖЕЛЬ, АДМИНИСТРАТИВНЫЙ КОРПУС",,46768000227,55.61253516912272,38.44309882804012,f
146290,61-0162-000142-П,Полигон ,192 км трассы Москва - Самара,61701000,Federal,1.0,27.0,{38.12},,1.0,1.0,Federal,61,"Муниципальное унитарное предприятие г.Рязани ""Эколозащита""",,6228032064,623401001,t,"город Рязань, Полетаева 29а",390035,61701000,54.354511643217435,39.40337060494053,f
47733,46-0177-003762-П,площадка Сергиево-Посадский стекольный завод,"Московская обл, г Сергиев Посад, село Иудино, д 5",46728000,Federal,1.0,26.0,{23.13},,1.0,1.0,Federal,46,"ОБЩЕСТВО С ОГРАНИЧЕННОЙ ОТВЕТСТВЕННОСТЬЮ ""СЕРГИЕВО-ПОСАДСКИЙ СТЕКОЛЬНЫЙ ЗАВОД""",2020-11-02 21:00:00,9705149567,770501001,t,"с. Иудино, г. Москва, пер. Руновский, д.12, эт.3, пом. I, комн. 32",115184,45376000,56.447449566331755,38.10166504646751,f
92182,46-0177-003531-П,"Муниципальное предприятие ""Водоканал"" (Очистные сооружения)","Московская обл., г.Лыткарино, ул.Парковая",46741000,Federal,1.0,26.0,{36.0},,1.0,1.0,Federal,46,"Муниципальное предприятие ""Водоканал""",2003-02-26 21:00:00,5026000090,502701001,t,"город Лыткарино, улица Спортивная, д.29",140083,46741000,55.56550588871571,37.915413328313946,f
2846,46-0177-003748-П,Городские очистные сооружения канализации (ОСК),"141983, Московская область, г.Дубна, Коммунальный пр-д, д.23",46718000,Federal,1.0,26.0,{37.00},,1.0,1.0,Federal,46,"Акционерное общество ""Производственно-техническое объединение городского хозяйства""",2012-09-30 20:00:00,5010045296,501001001,t,"Московская обл, г Дубна, ул Макаренко, д 29",141983,46718000,56.772541735847824,37.143656526052354,f
6686,07-0126-001375-П,Завод по производству изделий из пластмасс,"357202, Ставропольский край, г. Минеральные Воды, ул. Московская, 29",07639101,Federal,1.0,16.0,"{25.21,25.22,25.24.2}",,1.0,1.0,Federal,7,"Публичное акционерное общество ""Ставропласт""",1993-04-04 20:00:00,2630000067,263001001,t,"г. Минеральные Воды, ул. Московская, 29",357202,07639101,44.22720538186516,43.12324368862388,f
28264,46-0177-001376-П,Производство пестицидов и агрохимикатов,"Московская обл., г. Щелково, ул. Заводская, д. 2",46788000,Federal,1.0,26.0,{20.20},,1.0,1.0,Federal,46,"Акционерное общество ""Щелково Агрохим""",2002-08-15 20:00:00,5050029646,505001001,t,"Московская обл., г. Щелково, Московская обл, г Щёлково, ул Заводская, д 2 к 142, ком 204",141108,46788000,55.911475684344424,38.030473074504634,f
70341,46-0177-001984-П,"Производственная территория Филиал ""Чеховский"" АО ""Данон Россия""","142380, Московская обл, г Чехов, поселок Любучаны, ул Полевая, д 4",46784000,Federal,1.0,26.0,{10.5},,1.0,1.0,Federal,46,"ФИЛИАЛ ""ЧЕХОВСКИЙ"" АКЦИОНЕРНОГО ОБЩЕСТВА ""ДАНОН РОССИЯ""",2005-11-08 21:00:00,7714626332,504843001,t,"г Москва, ул Вятская, д 27 стр 13",127015,45344000,55.25387209844326,37.53899918040962,f
194226,45-0177-002492-П,"Обособленное подразделение ""Руднево"" (Мусоросжигательный завод №4)","111675, г. Москва, ул. Пехорская, вл.1А",45308000,Federal,1.0,24.0,{38.11},,1.0,1.0,Federal,45,"Общество с ограниченной ответственностью ""Хартия""",2012-06-12 20:00:00,7703770101,771501001,t,"город Москва, г Москва, Нововладыкинский проезд, д 8Б",127106,45359000,55.718211951611934,37.93428769062307,f
44709,45-0177-002779-П,"ТЭЦ-8 - филиал ПАО ""Мосэнерго""","109316, г.Москва Остаповский проезд д.1, д.4",45392000,Federal,1.0,24.0,"{35.11.1,35.30.11}",,1.0,1.0,Federal,45,"Публичное акционерное общество энергетики и электрификации ""Мосэнерго""",2002-10-10 20:00:00,7705035012,772901001,t,"Москва, проспект Вернадского, д.101, корп.3",119526,45376000,55.724124118218526,37.6971044016273,f
213341,34-0244-000372-П,"Акционерное общество ""Костромской завод автокомпонентов""","г. Кострома, ул. Московская, 105",34701000,Federal,1.0,23.0,"{50.30.1,45.31.1}",,1.0,1.0,Federal,34,"Акционерное общество ""Костромской завод автокомпонентов""",2010-10-31 21:00:00,4401111481,440101001,t,"г Кострома, ул Московская, д 105",156001,34701000,57.73461976546762,40.8484430754904,f
78266,45-0177-001351-Т,Пруд-отстойник на реке Нищенка,"г Москва, ул Шоссейная, влд 82А",45393000,Federal,1.0,24.0,{37.00},,1.0,1.0,Federal,45,"Государственное унитарное предприятие города Москвы по эксплуатации московских водоотводящих систем ""Мосводосток""",2002-07-24 20:00:00,7705013033,774850001,t,"г.Москва, Новокузнецкая, д.26/8, стр.1",119017,45376000,55.670890188972976,37.71706171519502,f
147585,45-0177-001935-П,"ОАО ""Царицыно""","115516, Москва, Кавказский бульвар 58, стр1",45923000,Federal,1.0,24.0,{10.1},,1.0,1.0,Federal,45,"Открытое акционерное общество ""Царицыно""",2002-10-15 20:00:00,7724017435,774850001,t,"Москва, Кавказский бульвар, дом58, стр1",115516,45923000,55.63009761690219,37.6337849396563,f
261540,46-0177-003523-П,Производственная территория №2,"142445, Московская область, г. Электроугли, ул. Центральная д. 110",46639105,Federal,1.0,26.0,"{20.30.2,20.16,20.30.1,20.59.4,46.73.3,46.73.4,46.73.5,46.73.6,46.90,47.24,52.10,52.29}",,1.0,1.0,Federal,46,"Общество с ограниченной ответственностью ""Радуга Синтез""",2008-08-03 20:00:00,5031049573,503101001,t,"Московская область, г. Электроугли, ул. Центральная, д.110",142455,46639105,55.726309731981935,38.2074724328057,f
261542,46-0177-003522-П,"Производственная территория ООО ""Радуга Синтез"" площадка № 1","142455, Московская область, г. Электроугли, ул. Центральная, д.110",46751000,Federal,1.0,26.0,{20.30.2},,1.0,1.0,Federal,46,"Общество с ограниченной ответственностью ""Радуга Синтез""",2002-08-29 20:00:00,5031049573,503101001,t,"Московская область, Ногинский район, г. Электроугли, улица Центральная, дом 110",142455,46751000,55.7252267497696,38.20804645265782,f
20779,45-0177-002060-П,Производственная территория,"г. Москва, вн.тер.г. муниципальный округ Капотня, кв-л Капотня 2-й, д. 1, к. 3",45386000,Federal,1.0,24.0,"{19.20,20.13}",,1.0,1.0,Federal,45,"Акционерное общество ""Газпромнефть-Московский НПЗ""",2002-12-04 21:00:00,7723006328,772301001,t,"г. Москва, вн.тер.г. муниципальный округ Капотня, кв-л Капотня 2-й, д. 1, к. 3",109429,45386000,55.64900268063242,37.806822584443346,f
48911,46-0177-003516-П,"ТЭЦ-27 - филиал ПАО ""Мосэнерго""","141031, Московская область,городской округ Мытищи, г.Мытищи, Волковское шоссе, земельный участок 35",46746000,Federal,1.0,26.0,"{35.11.1,35.30.11}",,1.0,1.0,Federal,46," Публичное акционерное общество энергетики и электрификации ""Мосэнерго"" ",2002-10-10 20:00:00,7705035012,997650001,t,"Москва, Вернадского,101,корп.3",119526,45327000,55.91553155866725,37.68739118103386,f
82050,54-0157-001288-П,Племенной репродуктор №1 (4800) Цех доращивания,"Орловская область, Троснянский район, 445 км трассы Москва-Харьков",54654417,Federal,1.0,27.0,{01.46},2020-11-16,1.0,1.0,Federal,54,"Общество с ограниченной ответственностью ""Знаменский селекционно-гибридный центр""",,5720015610,575101001,t,"г. Орел, Набережная Дубровинского, 70",302030,54701000,52.39249970975814,35.834407138649915,t
81998,54-0157-001287-П,Племенной репродуктор №1 (4800) Цех репродукции,"Орловская область, Троснянский район, 448 км трассы Москва-Харьков",54654417,Federal,1.0,27.0,{01.46},2020-11-16,1.0,1.0,Federal,54,"Общество с ограниченной ответственностью ""Знаменский селекционно-гибридный центр""",,5720015610,575101001,t,"г. Орел, Набережная Дубровинского, 70",302030,54701000,52.36936587241756,35.83551806559178,t
216578,28-0169-001437-П,ОРО Торжок,"обл. Тверская, р-н Торжокский, с/п Борисцевское, примерно в 500 м по направлению на северо-запад от 7-го километра автодороги Москва-Осташков.",28654000,Federal,1.0,23.0,{38.1},,1.0,1.0,Federal,28,"Общество с ограниченной ответственностью ""Полигон""",2010-11-23 21:00:00,6950125680,695001001,t,"ОБЛАСТЬ ТВЕРСКАЯ, ГОРОД ТВЕРЬ, УЛИЦА ЛИДИИ БАЗАНОВОЙ, ДОМ 20,ОФИС 51",170010,28701000,57.02514038687659,34.84747573482932,f
89534,46-0177-002942-П,"Промышленная площадка АО ""Корпорация ""Тактическое ракетное вооружение""","Московская область, г. Королев, ул. Ильича, д.7",46734000,Federal,1.0,26.0,"{18.11,25.40,27.52,30.30,30.99,35.30,38.32.2,41.20,45.20,46.90,47.11,49.50.3,52.29,55.90,61.10.1,64.91,69.10,71.20,72.19,73.11,73.20,78.10,79.90.2,86.90.4}",,1.0,1.0,Federal,46,"Акционерное общество ""Корпорация ""Тактическое ракетное вооружение""",2003-03-12 21:00:00,5099000013,997850001,t,"Московская область, г. Королев, ул. Ильича, д.7",141080,46734000,55.910413213251836,37.84767035397038,f
86196,46-0177-002939-П,"Бройлерный цех №1 ""Константиново-1""","140162, Московская область, Раменский район, село Константиново",46648000,Federal,1.0,26.0,{01.47},,1.0,1.0,Federal,46,"АКЦИОНЕРНОЕ ОБЩЕСТВО ""КУРИНОЕ ЦАРСТВО"" ФИЛИАЛ ""МОССЕЛЬПРОМ""",2005-11-02 21:00:00,4813007240,482101001,t,"Липецкая обл, г Елец, ул Радиотехническая, д 5, каб 302",399784,42715000,55.497178853284915,37.99112434136628,f
122,46-0177-001292-П,Промплощадка №1,"Московская обл., г.Фрязино ул. Озерная 6а",46780000,Federal,1.0,26.0,{19.20},,1.0,1.0,Federal,46,"Акционерное общество ""Московский Завод Смазочных Материалов""",2001-01-04 21:00:00,5052012550,505001001,t,"Фрязино, Озерная, 6А",141191,46780000,55.96872035249219,38.03351095964363,f
2457,46-0177-001093-П,Производственная территория ОСК-11,"143306, Московская обл., Наро-Фоминский р-н, г. Наро-Фоминск, ул. Профсоюзная",46638101,Federal,1.0,26.0,{37.00},,1.0,1.0,Federal,46,"Муниципальное унитарное предприятие ""Водоканал Наро-Фоминского городского округа""",2002-11-10 21:00:00,5030015500,503001001,t,"Московская область, г. Наро-Фоминск, Московская обл, г Наро-Фоминск, ул Московская, д 11",143302,46750000,55.36713112682274,36.74314444630291,f
15032,45-0177-001281-П,Производственная площадка № 1 ,"109429, г. МОСКВА,КВАРТАЛ 2-Й КАПОТНЯ, Д 1, КОРП 13",45386000,Federal,1.0,24.0,{20.16},,1.0,1.0,Federal,45,"ОБЩЕСТВО С ОГРАНИЧЕННОЙ ОТВЕТСТВЕННОСТЬЮ ""НАУЧНО-ПРОИЗВОДСТВЕННОЕ ПРЕДПРИЯТИЕ ""НЕФТЕХИМИЯ""",2003-04-15 20:00:00,7723332561,772301001,t,"Москва, КВАРТАЛ КАПОТНЯ 2-Й, ДОМ 1, КОРПУС 13",109429,45386000,55.65111864554693,37.8014090016159,f
145533,46-0177-002745-П,ООО «КРИСТАЛЛ-СПИРТ»,"142944, Московская область, г.о. Кашира, д. Корыстово, ул. Центральная, д. 13",46620000,Federal,1.0,26.0,{11.01.4},2020-08-31,1.0,1.0,Federal,46,Общество с ограниченной ответственностью «КРИСТАЛЛ-СПИРТ»,2013-01-30 20:00:00,5019024501,501901001,t," Московская область, г.о. Кашира, д. Корыстово, ул. Центральная, д. 13",142944,46620000,54.80280039945647,38.11715485613768,t
64608,46-0177-001303-П,очистные сооружения,"142613, Московская область, г. Орехово-Зуево, лесопарк ""Мельница""",46757000,Federal,1.0,26.0,{37.00},,1.0,1.0,Federal,46,"ФИЛИАЛ ГОСУДАРСТВЕННОГО УНИТАРНОГО ПРЕДПРИЯТИЯ МОСКОВСКОЙ ОБЛАСТИ ""КОММУНАЛЬНЫЕ СИСТЕМЫ МОСКОВСКОЙ ОБЛАСТИ"" ""Орехово-Зуевский Водоканал""",2009-09-27 20:00:00,5034065171,503401001,f,"Московская область, г. Орехово-Зуево, Московская обл, г Орехово-Зуево, ул Северная, д 59",142605,46757000,55.83564889908348,39.02992585447178,f
96768,45-0177-001695-П,Площадка,"140009, Московская обл, г Люберцы, деревня Машково, тупик Промзона Кореневский, д 2 литера в",46748000,Federal,1.0,26.0,{38.22},,1.0,1.0,Federal,46,"Акционерное общество ""КОМБИНАТ ЭКОЛОГИЧЕСКОГО ОБСЛУЖИВАНИЯ""",2005-09-21 20:00:00,7708575168,770801001,t," г. Москва, 107140, ул. Верхняя Красносельская, д.34, кв.35, помещение ТАРП ЦАО",,45378000,55.67851992997337,37.98013836207067,f
242434,45-0177-003478-П,"Зеленоградские очистные сооружения (Цех комплексной очистки сточных вод) ПУ ""Зеленоградводоканал""","124489, г. Москва, г. Зеленоград, Сосновая аллея, д.12, стр.1",45377000,Federal,1.0,24.0,{37.00},,1.0,1.0,Federal,45,"Акционерное общество ""Мосводоканал""",2012-12-28 20:00:00,7701984274,770101001,t,"г. Москва, Плетешковский переулок, дом 2",105005,45375000,55.976371172112316,37.25513447499311,f
111831,45-0177-001541-П,"Закрытое акционерное общество ""Микояновский мясокомбинат"", 109316, г. Москва, ул Талалихина, д.41, стр 14, (ЮВАО)","109316, г. Москва, ул Талалихина, д.41, стр 14, (ЮВАО)",45392000,Federal,1.0,24.0,{10.1},,1.0,1.0,Federal,45,"Закрытое акционерное общество ""Микояновский мясокомбинат""",2002-10-13 20:00:00,7722169626,774950001,t,"г. Москва, ул. Талалихина, д.41, стр14",109316,45392000,55.72800870053998,37.68522421371482,f
64816,46-0177-001297-П,"полигон ТБО ""Воловичи""","Московская область, Коломенский район, Биорковский с.о., вблизи дер. Воловичи, полигон ТБО ""Воловичи""",46738000,Federal,1.0,26.0,{38.1},,1.0,1.0,Federal,46,"Муниципальное унитарное предприятие ""Спецавтохозяйство""",,5022013860,502201001,t,"Московская область, г. Коломна, ул. Луговая, д. 10",140412,46738000,55.03653378411683,38.66380534088152,f
157895,45-0177-002890-П,"ОАО ""ОМПК""","127254, Москва, Огородный проезд. д.18",45353000,Federal,1.0,24.0,{10.13.1},,1.0,1.0,Federal,45,"Открытое Акционерное Общество ""Останкинский мясоперерабатывающий комбинат""",,7715034360,997350001,t,"г. Москва, г. Москва, Огородный проезд д.18",127254,45353000,55.817877192010556,37.59906203160315,f
165154,46-0177-003475-П,Полигон Тимохово,"Московская область, Богородский городской округ, земельный участок с кадастровым номером 50:16:0000000:306",46751000,Federal,1.0,26.0,"{38.1,38.22,38.32.51,38.32.52,38.32.53,38.32.55}",,1.0,1.0,Federal,46,"Акционерное общество ""ПОЛИГОН ТИМОХОВО""",2003-04-01 20:00:00,5031009637,503101001,t,"Московская область, г.Ногинск, Московская обл, г Ногинск, ул 3-го Интернационала, д 92",142400,46751000,55.75617808720416,38.28651023396155,f
59145,45-0177-003474-П,"ТЭЦ-23 - филиал ПАО ""Мосэнерго""","г. Москва, ул. Монтажная, д.1/4",45305000,Federal,1.0,24.0,{35.30.11},,1.0,1.0,Federal,45,"Публичное акционерное общество энергетики и электрификации ""Мосэнерго""",2002-10-10 20:00:00,7705035012,997650001,t,"г Москва, пр-кт Вернадского, д 101 к 3",119526,45327000,55.821833711706304,37.771683008193484,f
17213,46-0177-003473-П,Очистные сооружения г. Ступино,"142800 Московская область, г. Ступино, ул. Белопесоцкая",46776000,Federal,1.0,26.0,{41.0},,1.0,1.0,Federal,46,Муниципальное унитарное предприятие,,,,,,,,,,
246787,46-0177-003469-П,Централизованная система водоотведения г. о. Коломна,"140491, Московская область, Коломенский район, с/о Пестриковский, вблизи пос. Сергиевский",46622425,Federal,1.0,26.0,{37.00},,1.0,1.0,Federal,46,Муниципальное Унитарное Предприятие «Тепло Коломны объединенные инженерные системы»,2002-10-16 20:00:00,5022030985,502201001,t,"город Коломна, проспект Кирова, 64",140411,46738000,55.09647684306482,38.868813485009206,f
117554,46-0177-002460-П,ПП ОСК Площадка №2,"141100, Московская область, г. Щёлково, ул. Заречная, 137",46659101,Federal,1.0,26.0,{37.00},,1.0,1.0,Federal,46,"Муниципальное унитарное предприятие городского округа Щелково ""Межрайонный Щёлковский Водоканал""",2006-12-18 21:00:00,5050025306,505001001,t,"Московская обл., г. Щёлково, Свирская, д.1",141100,46659000,55.922911637969186,38.028613535517245,f
117536,46-0177-002457-П,ПП ОСК Площадка №1,"141100, Московская область, г. Щёлково, ул. Заречная, 137",46659101,Federal,1.0,26.0,{37.00},,1.0,1.0,Federal,46,"Муниципальное унитарное предприятие городского округа Щелково ""Межрайонный Щёлковский Водоканал""",2006-12-18 21:00:00,5050025306,505001001,t,"Московская обл., г. Щёлково, Свирская, д.1",141100,46659000,55.9152790337441,38.02041703993535,f
100318,46-0177-003277-П,БОС,"Московская обл., г.Дзержинский, ул. Овиновка ",46711000,Federal,1.0,26.0,"{35.30.3,37.00}",,1.0,1.0,Federal,46,"Дзержинское муниципальное унитарное предприятие ""Энерго-коммунальное производственное объединение"" ",2003-07-31 20:00:00,5027033059,505601001,t,"Московская область г.Дзержинский, Академика Жукова д. 29А",140090,46711000,55.61990989317004,37.8657083760104,f
242028,45-0177-003301-П,Курьяновские очистные сооружения,"109235, г. Москва, 1-й Курьяновский проезд, владение 15",45393000,Federal,1.0,24.0,"{36.00,37.00}",,1.0,1.0,Federal,45,"Акционерное общество ""Мосводоканал""",2012-12-28 20:00:00,7701984274,774850001,t,"г. Москва, Плетешковский переулок, дом 2",105005,45375000,55.66108906272494,37.68742805675972,f
242401,45-0177-003298-П,Люберецкие очистные сооружения,"111674, г. Москва, 2-я Вольская ул., домовладение 30",45391000,Federal,1.0,24.0,{37.00},,1.0,1.0,Federal,45,"Акционерное общество ""Мосводоканал""",2012-12-28 20:00:00,7701984274,770101001,t,"г. Москва, Плетешковский пер., д. 2",105005,45375000,55.67851385917708,37.951834951705365,f
146969,46-0177-003302-П,Завод по производству стеклянной тары,"Московская обл, г Дмитров, село Борисово",46715000,Federal,1.0,26.0,"{23.13,35.3,68.20.2}",,1.0,1.0,Federal,46,"ОБЩЕСТВО С ОГРАНИЧЕННОЙ ОТВЕТСТВЕННОСТЬЮ ""СТЕЛЛАР ГЛАСС""",2019-12-16 21:00:00,5024201837,502401001,t,"Московская облаcть, г.Сергиев Посад, Московская обл, г Красногорск, ул Успенская, д 5, пом 13 оф 403",143409,46744000001,56.32645607699033,37.56811536695028,f
257114,46-0177-003442-П,"Полигон ТБО ""Царево""","Московская область, Пушкинский район, вблизи д. Царево",46647000,Federal,1.0,26.0,"{38.1,81.29.9}",,1.0,1.0,Federal,46,"Публичное акционерное общество ""Экопром""",2002-10-13 20:00:00,5038029061,503801001,t,"г. Пушкино, ул. Институтская д. 15-А, офис 306а",141202,46647101,56.06992441030364,38.08957517186324,f
57246,46-0177-001265-П,"Полигон ТБО ""Астапово""","Московская область, Луховицкий район, д. Астапово",46630000,Federal,1.0,26.0,{90.00.2},,1.0,1.0,Federal,46,"Открытое акционерное общество ""Полигон""",2011-11-17 20:00:00,5072002510,507201001,t,"Луховицкий район, д.Астапово, Полигон ТБО ""Астапово""",140512,46630000,54.85884001945567,38.94379864277239,f
184004,46-0177-002728-П,"Производственная территория Акционерного общества ""Щелковский завод ВДМ""","Московская обл.. г.Щелково, ул.Заречная, д.103а",46659101,Federal,1.0,26.0,{24.41},,1.0,1.0,Federal,46,"Акционерное общество ""Щелковский завод вторичных драгоценных металлов""",2003-03-04 21:00:00,5050042936,505001001,t,"Московская обл., г.Щелково, Заречная, д.103а",141100,46659000,55.92708126233767,38.02079571972305,f
125342,46-0177-003372-П,"Производственная территория № 1 (Общество с ограниченной ответственностью ""Адрия"")",Московская область. Серпуховский район. д. Волохово,46651000,Federal,1.0,26.0,"{15.1,15.4,15}",,1.0,1.0,Federal,46,"Общество с ограниченной ответственностью ""Адрия""",2006-03-30 20:00:00,5077016813,507701001,t,"Серпуховский район, дер. Волохово, 1",142294,46651000,54.77453008044832,37.721851091346906,f
80297,45-0177-001604-П,ООО «Энергия»,"111250, г. Москва, ул. Солдатская, д. 12, корпус 1",45388000,Federal,1.0,24.0,{24.66.3},2018-04-12,1.0,1.0,Federal,45,Общество с ограниченной ответственностью «Энергия»,2014-10-16 20:00:00,7722859041,772201001,t,"Москва, ул. Солдатская, д. 12, корпус 1",111250,45388000,55.76369799999999,37.70434133333333,t
82087,54-0157-001335-П,Племенной репродуктор №1 (4800) Цех выращивания,"Орловская область, Троснянский район, 441 км трассы Москва-Харьков",54654430,Federal,1.0,27.0,{01.46},2020-11-16,1.0,1.0,Federal,54,"Общество с ограниченной ответственностью ""Знаменский селекционно-гибридный центр""",,5720015610,575101001,t,"г. Орел, Набережная Дубровинского, 70",302030,54701000,52.41770555118431,35.80135416149256,t
41302,46-0177-003432-П,Основная производственная территория,"Московская обл, г Электросталь, ул Красная, д 13А",46790000,Federal,1.0,26.0,{23.13},,1.0,1.0,Federal,46,"ОБЩЕСТВО С ОГРАНИЧЕННОЙ ОТВЕТСТВЕННОСТЬЮ ПРОИЗВОДСТВЕННАЯ КОМПАНИЯ ""ЭЛЬГЛАСС""",2020-12-14 21:00:00,7733362861,503101001,t,"144006, Московская область, Г.О. ЭЛЕКТРОСТАЛЬ, Г. ЭЛЕКТРОСТАЛЬ, УЛ КРАСНАЯ, Д. 13А, ЦЕХ ПРОИЗВОДСТВО БУТЫЛОК/ КАБИНЕТ 303",,46790000,55.80380081296914,38.44674821402228,f
115027,46-0177-003427-П,"Производственная территория №1 ООО ""Мерком""","Московская обл. г. Лыткарино, п. Тураево , стр. 8, НИИП",46741000,Federal,1.0,26.0,"{20.59.5,24.10.12,24.45,37.00,38.32.3,38.32.5,46.12.31,46.18.99,46.90,47.78.9,49.41.1,49.41.2,52.10.4,72.19,73.20.1}",,1.0,1.0,Federal,46,"Общество с ограниченной ответственностью ""Мерком""",2003-03-16 21:00:00,5026001576,502701001,t,"Московская область, г. Лыткарино, п. Тураево, стр. 8, НИИП",140080,46741000,55.56293582366359,37.94777424971336,f
103779,46-0177-001516-П,Площадка №1,"Московская область, Раменский район, п.Мирный, ул.Лесная, строение №30",46648000,Federal,1.0,26.0,"{24.43,25.11,25.73,27.20.2,38.32.3,41.20,45.3,46.49,46.72,46.73.6,46.77,46.90,49.41,55.90}",,1.0,1.0,Federal,46,"Закрытое акционерное общество ""АГРОПРИБОР""",,5040013340,504001001,t,"Московская область, Раменский район, , пос.Мирный, ул.Лесная, стр.№30",140152,46648000,55.51643158367765,38.34038757100874,f
91120,45-0177-001417-П,Производственная территория,"109316, г.Москва, Волгоградский проспект, д. 42, корп.36",45393000,Federal,1.0,24.0,"{29.10,45.11.1,45.11.4,45.19.1,45.19.4,45.20,45.3,46.19,46.90,73.20.1}",,1.0,1.0,Federal,45,АКЦИОНЕРНОЕ ОБЩЕСТВО «МОСКОВСКИЙ АВТОМОБИЛЬНЫЙ ЗАВОД «МОСКВИЧ»,2022-09-10 21:00:00,7709259743,997150001,t,"г Москва, Волгоградский пр-кт, д 42 к 36",109316,45393000,55.71086487644019,37.71277908342474,f
152255,17-0133-000363-П,"Производственная территория ООО ""Николь-Пак Империал"" ","602256, Владимирская область, г.Муром, ул.Московская, д.90",17735000,Federal,1.0,25.0,{17.12},,1.0,1.0,Federal,17,"Общество с ограниченной ответственностью ""Николь-Пак Империал""",2002-10-03 20:00:00,5258044065,333431001,t,"г Нижний Новгород, Спортсменский пер, уч 11",603028,22701000,55.57399043584674,42.03242369857856,f
